symbol,agg_trade_id,timestamp,datetime,price,quantity,amount_quote,side,is_buyer_maker,first_trade_id,last_trade_id
TRUMP/USDT,43954257,1753844408951,2025-07-30 03:00:08.951000,9.49,349.691,3318.5675899999997,buy,False,153077485,153077511
TRUMP/USDT,43954258,1753844410802,2025-07-30 03:00:10.802000,9.5,54.886,521.417,buy,False,153077512,153077512
TRUMP/USDT,43954259,1753844411646,2025-07-30 03:00:11.646000,9.49,26.895,255.23355,sell,True,153077513,153077513
TRUMP/USDT,43954260,1753844411667,2025-07-30 03:00:11.667000,9.49,2.189,20.77361,sell,True,153077514,153077514
TRUMP/USDT,43954261,1753844411691,2025-07-30 03:00:11.691000,9.49,12.009,113.96541,sell,True,153077515,153077515
TRUMP/USDT,43954262,1753844411701,2025-07-30 03:00:11.701000,9.49,7.05,66.9045,sell,True,153077516,153077516
TRUMP/USDT,43954263,1753844411741,2025-07-30 03:00:11.741000,9.49,2.238,21.23862,sell,True,153077517,153077517
TRUMP/USDT,43954264,1753844411752,2025-07-30 03:00:11.752000,9.49,2.125,20.16625,sell,True,153077518,153077518
TRUMP/USDT,43954265,1753844411762,2025-07-30 03:00:11.762000,9.49,4.17,39.5733,sell,True,153077519,153077519
TRUMP/USDT,43954266,1753844411771,2025-07-30 03:00:11.771000,9.49,7.819,74.20231,sell,True,153077520,153077533
TRUMP/USDT,43954267,1753844411786,2025-07-30 03:00:11.786000,9.49,1.461,13.86489,sell,True,153077534,153077534
TRUMP/USDT,43954268,1753844411798,2025-07-30 03:00:11.798000,9.49,0.549,5.2100100000000005,sell,True,153077535,153077535
TRUMP/USDT,43954269,1753844411816,2025-07-30 03:00:11.816000,9.49,2.813,26.69537,sell,True,153077536,153077536
TRUMP/USDT,43954270,1753844411834,2025-07-30 03:00:11.834000,9.49,8.606,81.67094,sell,True,153077537,153077537
TRUMP/USDT,43954271,1753844411854,2025-07-30 03:00:11.854000,9.49,1.925,18.268250000000002,sell,True,153077538,153077538
TRUMP/USDT,43954272,1753844411867,2025-07-30 03:00:11.867000,9.49,2.514,23.85786,sell,True,153077539,153077539
TRUMP/USDT,43954273,1753844411886,2025-07-30 03:00:11.886000,9.49,4.558,43.25542,sell,True,153077540,153077540
TRUMP/USDT,43954274,1753844411899,2025-07-30 03:00:11.899000,9.49,0.742,7.04158,sell,True,153077541,153077541
TRUMP/USDT,43954275,1753844411945,2025-07-30 03:00:11.945000,9.49,0.571,5.4187899999999996,sell,True,153077542,153077542
TRUMP/USDT,43954276,1753844411969,2025-07-30 03:00:11.969000,9.49,4.331,41.10119,sell,True,153077543,153077543
TRUMP/USDT,43954277,1753844412785,2025-07-30 03:00:12.785000,9.49,60.543,574.55307,sell,True,153077544,153077544
TRUMP/USDT,43954278,1753844412814,2025-07-30 03:00:12.814000,9.49,3.324,31.54476,sell,True,153077545,153077545
TRUMP/USDT,43954279,1753844412844,2025-07-30 03:00:12.844000,9.49,3.167,30.05483,sell,True,153077546,153077546
TRUMP/USDT,43954280,1753844412916,2025-07-30 03:00:12.916000,9.49,7.471,70.89979,sell,True,153077547,153077547
TRUMP/USDT,43954281,1753844412946,2025-07-30 03:00:12.946000,9.49,2.037,19.331129999999998,sell,True,153077548,153077548
TRUMP/USDT,43954282,1753844412966,2025-07-30 03:00:12.966000,9.49,2.134,20.25166,sell,True,153077549,153077549
TRUMP/USDT,43954283,1753844413016,2025-07-30 03:00:13.016000,9.49,3.734,35.43566,sell,True,153077550,153077550
TRUMP/USDT,43954284,1753844413053,2025-07-30 03:00:13.053000,9.49,3.851,36.54599,sell,True,153077551,153077551
TRUMP/USDT,43954285,1753844413098,2025-07-30 03:00:13.098000,9.49,4.742,45.001580000000004,sell,True,153077552,153077552
TRUMP/USDT,43954286,1753844413117,2025-07-30 03:00:13.117000,9.49,2.035,19.312150000000003,sell,True,153077553,153077553
TRUMP/USDT,43954287,1753844413785,2025-07-30 03:00:13.785000,9.49,59.648,566.05952,sell,True,153077554,153077554
TRUMP/USDT,43954288,1753844413825,2025-07-30 03:00:13.825000,9.49,4.813,45.67537,sell,True,153077555,153077555
TRUMP/USDT,43954289,1753844413871,2025-07-30 03:00:13.871000,9.49,4.835,45.88415,sell,True,153077556,153077556
TRUMP/USDT,43954290,1753844413909,2025-07-30 03:00:13.909000,9.49,3.638,34.52462,sell,True,153077557,153077557
TRUMP/USDT,43954291,1753844414099,2025-07-30 03:00:14.099000,9.49,18.73,177.7477,sell,True,153077558,153077558
TRUMP/USDT,43954292,1753844414128,2025-07-30 03:00:14.128000,9.49,3.083,29.25767,sell,True,153077559,153077559
TRUMP/USDT,43954293,1753844414145,2025-07-30 03:00:14.145000,9.49,1.744,16.55056,sell,True,153077560,153077560
TRUMP/USDT,43954294,1753844414161,2025-07-30 03:00:14.161000,9.49,2.002,18.99898,sell,True,153077561,153077561
TRUMP/USDT,43954295,1753844414176,2025-07-30 03:00:14.176000,9.49,0.382,3.6251800000000003,sell,True,153077562,153077562
TRUMP/USDT,43954296,1753844414216,2025-07-30 03:00:14.216000,9.49,4.162,39.49738,sell,True,153077563,153077563
TRUMP/USDT,43954297,1753844414785,2025-07-30 03:00:14.785000,9.49,57.265,543.44485,sell,True,153077564,153077564
TRUMP/USDT,43954298,1753844414825,2025-07-30 03:00:14.825000,9.49,5.576,52.916239999999995,sell,True,153077565,153077565
TRUMP/USDT,43954299,1753844414843,2025-07-30 03:00:14.843000,9.49,1.956,18.56244,sell,True,153077566,153077566
TRUMP/USDT,43954300,1753844414860,2025-07-30 03:00:14.860000,9.49,0.665,6.31085,sell,True,153077567,153077567
TRUMP/USDT,43954301,1753844414924,2025-07-30 03:00:14.924000,9.49,4.739,44.97311,sell,True,153077568,153077570
TRUMP/USDT,43954302,1753844414948,2025-07-30 03:00:14.948000,9.49,2.593,24.60757,sell,True,153077571,153077572
TRUMP/USDT,43954303,1753844415044,2025-07-30 03:00:15.044000,9.49,10.175,96.56075000000001,sell,True,153077573,153077574
TRUMP/USDT,43954304,1753844415136,2025-07-30 03:00:15.136000,9.49,9.725,92.29025,sell,True,153077575,153077575
TRUMP/USDT,43954305,1753844415146,2025-07-30 03:00:15.146000,9.49,1.056,10.02144,sell,True,153077576,153077576
TRUMP/USDT,43954306,1753844415245,2025-07-30 03:00:15.245000,9.49,9.212,87.42188,sell,True,153077577,153077577
TRUMP/USDT,43954307,1753844415786,2025-07-30 03:00:15.786000,9.49,50.524,479.47276,sell,True,153077578,153077578
TRUMP/USDT,43954308,1753844415820,2025-07-30 03:00:15.820000,9.49,3.54,33.5946,sell,True,153077579,153077579
TRUMP/USDT,43954309,1753844415877,2025-07-30 03:00:15.877000,9.49,6.079,57.68971,sell,True,153077580,153077580
TRUMP/USDT,43954310,1753844415955,2025-07-30 03:00:15.955000,9.49,6.736,63.92464,sell,True,153077581,153077581
TRUMP/USDT,43954311,1753844415976,2025-07-30 03:00:15.976000,9.49,2.174,20.63126,sell,True,153077582,153077582
TRUMP/USDT,43954312,1753844416046,2025-07-30 03:00:16.046000,9.49,6.873,65.22477,sell,True,153077583,153077583
TRUMP/USDT,43954313,1753844416056,2025-07-30 03:00:16.056000,9.49,1.051,9.973989999999999,sell,True,153077584,153077584
TRUMP/USDT,43954314,1753844416137,2025-07-30 03:00:16.137000,9.49,8.523,80.88327,sell,True,153077585,153077585
TRUMP/USDT,43954315,1753844417144,2025-07-30 03:00:17.144000,9.49,48.382,459.14518,sell,True,153077586,153077595
TRUMP/USDT,43954316,1753844417170,2025-07-30 03:00:17.170000,9.49,2.677,25.40473,sell,True,153077596,153077596
TRUMP/USDT,43954317,1753844417190,2025-07-30 03:00:17.190000,9.49,2.173,20.62177,sell,True,153077597,153077597
TRUMP/USDT,43954318,1753844417230,2025-07-30 03:00:17.230000,9.49,2.99,28.375100000000003,sell,True,153077598,153077598
TRUMP/USDT,43954319,1753844417444,2025-07-30 03:00:17.444000,9.49,3.086,29.28614,sell,True,153077599,153077599
TRUMP/USDT,43954320,1753844432679,2025-07-30 03:00:32.679000,9.49,29.668,281.54932,sell,True,153077600,153077600
TRUMP/USDT,43954321,1753844432723,2025-07-30 03:00:32.723000,9.49,2.419,22.956310000000002,sell,True,153077601,153077601
TRUMP/USDT,43954322,1753844432741,2025-07-30 03:00:32.741000,9.49,5.431,51.54019,sell,True,153077602,153077602
TRUMP/USDT,43954323,1753844432754,2025-07-30 03:00:32.754000,9.49,1.327,12.59323,sell,True,153077603,153077603
TRUMP/USDT,43954324,1753844432781,2025-07-30 03:00:32.781000,9.49,1.708,16.20892,sell,True,153077604,153077604
TRUMP/USDT,43954325,1753844432801,2025-07-30 03:00:32.801000,9.49,1.362,12.92538,sell,True,153077605,153077605
TRUMP/USDT,43954326,1753844432831,2025-07-30 03:00:32.831000,9.49,8.572,81.34827999999999,sell,True,153077606,153077606
TRUMP/USDT,43954327,1753844432845,2025-07-30 03:00:32.845000,9.49,1.424,13.51376,sell,True,153077607,153077607
TRUMP/USDT,43954328,1753844432871,2025-07-30 03:00:32.871000,9.49,2.797,26.54353,sell,True,153077608,153077608
TRUMP/USDT,43954329,1753844432883,2025-07-30 03:00:32.883000,9.49,1.991,18.89459,sell,True,153077609,153077609
TRUMP/USDT,43954330,1753844432903,2025-07-30 03:00:32.903000,9.49,0.799,7.582510000000001,sell,True,153077610,153077610
TRUMP/USDT,43954331,1753844432921,2025-07-30 03:00:32.921000,9.49,1.869,17.736810000000002,sell,True,153077611,153077611
TRUMP/USDT,43954332,1753844433045,2025-07-30 03:00:33.045000,9.49,12.846,121.90854,sell,True,153077612,153077612
TRUMP/USDT,43954333,1753844433074,2025-07-30 03:00:33.074000,9.49,3.072,29.153280000000002,sell,True,153077613,153077613
TRUMP/USDT,43954334,1753844433138,2025-07-30 03:00:33.138000,9.49,8.773,83.25577,sell,True,153077614,153077614
TRUMP/USDT,43954335,1753844436362,2025-07-30 03:00:36.362000,9.49,11.703,111.06147,sell,True,153077615,153077615
TRUMP/USDT,43954336,1753844436531,2025-07-30 03:00:36.531000,9.49,28.089,266.56461,sell,True,153077616,153077616
TRUMP/USDT,43954337,1753844436545,2025-07-30 03:00:36.545000,9.49,2.939,27.89111,sell,True,153077617,153077617
TRUMP/USDT,43954338,1753844436570,2025-07-30 03:00:36.570000,9.49,1.267,12.02383,sell,True,153077618,153077618
TRUMP/USDT,43954339,1753844436580,2025-07-30 03:00:36.580000,9.49,4.225,40.09525,sell,True,153077619,153077619
TRUMP/USDT,43954340,1753844436615,2025-07-30 03:00:36.615000,9.49,0.505,4.7924500000000005,sell,True,153077620,153077620
TRUMP/USDT,43954341,1753844436645,2025-07-30 03:00:36.645000,9.49,3.094,29.36206,sell,True,153077621,153077621
TRUMP/USDT,43954342,1753844436665,2025-07-30 03:00:36.665000,9.49,2.129,20.20421,sell,True,153077622,153077622
TRUMP/USDT,43954343,1753844436697,2025-07-30 03:00:36.697000,9.49,2.205,20.92545,sell,True,153077623,153077623
TRUMP/USDT,43954344,1753844436716,2025-07-30 03:00:36.716000,9.49,3.589,34.05961,sell,True,153077624,153077624
TRUMP/USDT,43954345,1753844436785,2025-07-30 03:00:36.785000,9.49,7.278,69.06822,sell,True,153077625,153077625
TRUMP/USDT,43954346,1753844436817,2025-07-30 03:00:36.817000,9.49,3.386,32.133140000000004,sell,True,153077626,153077626
TRUMP/USDT,43954347,1753844436845,2025-07-30 03:00:36.845000,9.49,2.866,27.19834,sell,True,153077627,153077627
TRUMP/USDT,43954348,1753844436882,2025-07-30 03:00:36.882000,9.49,6.862,65.12038,sell,True,153077628,153077628
TRUMP/USDT,43954349,1753844436885,2025-07-30 03:00:36.885000,9.49,4.26,40.4274,sell,True,153077629,153077629
TRUMP/USDT,43954350,1753844436918,2025-07-30 03:00:36.918000,9.49,4.587,43.530629999999995,sell,True,153077630,153077630
TRUMP/USDT,43954351,1753844437004,2025-07-30 03:00:37.004000,9.49,8.111,76.97339000000001,sell,True,153077631,153077631
TRUMP/USDT,43954352,1753844437019,2025-07-30 03:00:37.019000,9.49,1.598,15.165020000000002,sell,True,153077632,153077632
TRUMP/USDT,43954353,1753844437116,2025-07-30 03:00:37.116000,9.49,10.538,100.00562000000001,sell,True,153077633,153077633
TRUMP/USDT,43954354,1753844437168,2025-07-30 03:00:37.168000,9.49,4.149,39.37401,sell,True,153077634,153077634
TRUMP/USDT,43954355,1753844437344,2025-07-30 03:00:37.344000,9.49,17.624,167.25176,sell,True,153077635,153077635
TRUMP/USDT,43954356,1753844437425,2025-07-30 03:00:37.425000,9.49,8.445,80.14305,sell,True,153077636,153077636
TRUMP/USDT,43954357,1753844437786,2025-07-30 03:00:37.786000,9.49,27.294,259.02006,sell,True,153077637,153077637
TRUMP/USDT,43954358,1753844437824,2025-07-30 03:00:37.824000,9.49,3.984,37.80816,sell,True,153077638,153077638
TRUMP/USDT,43954359,1753844437837,2025-07-30 03:00:37.837000,9.49,0.629,5.96921,sell,True,153077639,153077639
TRUMP/USDT,43954360,1753844437900,2025-07-30 03:00:37.900000,9.49,6.563,62.282869999999996,sell,True,153077640,153077640
TRUMP/USDT,43954361,1753844437925,2025-07-30 03:00:37.925000,9.49,2.631,24.96819,sell,True,153077641,153077641
TRUMP/USDT,43954362,1753844438032,2025-07-30 03:00:38.032000,9.49,11.328,107.50272,sell,True,153077642,153077642
TRUMP/USDT,43954363,1753844438068,2025-07-30 03:00:38.068000,9.49,3.748,35.56852,sell,True,153077643,153077646
TRUMP/USDT,43954364,1753844438774,2025-07-30 03:00:38.774000,9.49,26.407,250.60243,sell,True,153077647,153077656
TRUMP/USDT,43954365,1753844438785,2025-07-30 03:00:38.785000,9.49,1.934,18.35366,sell,True,153077657,153077657
TRUMP/USDT,43954366,1753844438843,2025-07-30 03:00:38.843000,9.49,6.081,57.708690000000004,sell,True,153077658,153077667
TRUMP/USDT,43954367,1753844438890,2025-07-30 03:00:38.890000,9.49,5.714,54.225860000000004,sell,True,153077668,153077668
TRUMP/USDT,43954368,1753844438944,2025-07-30 03:00:38.944000,9.49,4.761,45.18189,sell,True,153077669,153077669
TRUMP/USDT,43954369,1753844438973,2025-07-30 03:00:38.973000,9.49,3.011,28.57439,sell,True,153077670,153077670
TRUMP/USDT,43954370,1753844438997,2025-07-30 03:00:38.997000,9.49,2.538,24.08562,sell,True,153077671,153077671
TRUMP/USDT,43954371,1753844439857,2025-07-30 03:00:39.857000,9.49,9.13,86.64370000000001,sell,True,153077672,153077672
TRUMP/USDT,43954372,1753844439859,2025-07-30 03:00:39.859000,9.49,30.263,287.19587,sell,True,153077673,153077673
TRUMP/USDT,43954373,1753844439869,2025-07-30 03:00:39.869000,9.49,9.13,86.64370000000001,sell,True,153077674,153077674
TRUMP/USDT,43954374,1753844439870,2025-07-30 03:00:39.870000,9.49,4.686,44.47014,sell,True,153077675,153077675
TRUMP/USDT,43954375,1753844439879,2025-07-30 03:00:39.879000,9.49,9.13,86.64370000000001,sell,True,153077676,153077676
TRUMP/USDT,43954376,1753844439881,2025-07-30 03:00:39.881000,9.49,1.196,11.35004,sell,True,153077677,153077677
TRUMP/USDT,43954377,1753844439910,2025-07-30 03:00:39.910000,9.49,0.632,5.99768,sell,True,153077678,153077681
TRUMP/USDT,43954378,1753844445811,2025-07-30 03:00:45.811000,9.49,0.641,6.08309,buy,False,153077682,153077682
TRUMP/USDT,43954379,1753844462813,2025-07-30 03:01:02.813000,9.49,341.063,3236.6878699999997,buy,False,153077683,153077712
TRUMP/USDT,43954380,1753844462861,2025-07-30 03:01:02.861000,9.5,9.13,86.73500000000001,buy,False,153077713,153077713
TRUMP/USDT,43954381,1753844466662,2025-07-30 03:01:06.662000,9.49,28.703,272.39147,sell,True,153077714,153077728
TRUMP/USDT,43954382,1753844466691,2025-07-30 03:01:06.691000,9.49,5.872,55.72528,sell,True,153077729,153077729
TRUMP/USDT,43954383,1753844466712,2025-07-30 03:01:06.712000,9.49,4.894,46.44406,sell,True,153077730,153077730
TRUMP/USDT,43954384,1753844466745,2025-07-30 03:01:06.745000,9.49,1.897,18.00253,sell,True,153077731,153077731
TRUMP/USDT,43954385,1753844466771,2025-07-30 03:01:06.771000,9.49,3.721,35.312290000000004,sell,True,153077732,153077732
TRUMP/USDT,43954386,1753844466786,2025-07-30 03:01:06.786000,9.49,3.898,36.992020000000004,sell,True,153077733,153077733
TRUMP/USDT,43954387,1753844466845,2025-07-30 03:01:06.845000,9.49,6.172,58.57228,sell,True,153077734,153077734
TRUMP/USDT,43954388,1753844466873,2025-07-30 03:01:06.873000,9.49,2.954,28.03346,sell,True,153077735,153077735
TRUMP/USDT,43954389,1753844466932,2025-07-30 03:01:06.932000,9.49,5.042,47.84858,sell,True,153077736,153077736
TRUMP/USDT,43954390,1753844466969,2025-07-30 03:01:06.969000,9.49,5.137,48.75013,sell,True,153077737,153077737
TRUMP/USDT,43954391,1753844466988,2025-07-30 03:01:06.988000,9.49,1.294,12.28006,sell,True,153077738,153077738
TRUMP/USDT,43954392,1753844467039,2025-07-30 03:01:07.039000,9.49,6.191,58.75259,sell,True,153077739,153077739
TRUMP/USDT,43954393,1753844467368,2025-07-30 03:01:07.368000,9.49,25.355,240.61895,sell,True,153077740,153077740
TRUMP/USDT,43954394,1753844467378,2025-07-30 03:01:07.378000,9.49,1.211,11.49239,sell,True,153077741,153077741
TRUMP/USDT,43954395,1753844467390,2025-07-30 03:01:07.390000,9.49,4.415,41.89835,sell,True,153077742,153077742
TRUMP/USDT,43954396,1753844467785,2025-07-30 03:01:07.785000,9.49,34.716,329.45484,sell,True,153077743,153077743
TRUMP/USDT,43954397,1753844467845,2025-07-30 03:01:07.845000,9.49,6.2,58.838,sell,True,153077744,153077744
TRUMP/USDT,43954398,1753844467861,2025-07-30 03:01:07.861000,9.49,1.725,16.370250000000002,sell,True,153077745,153077745
TRUMP/USDT,43954399,1753844467885,2025-07-30 03:01:07.885000,9.49,2.57,24.3893,sell,True,153077746,153077746
TRUMP/USDT,43954400,1753844467911,2025-07-30 03:01:07.911000,9.49,1.927,18.28723,sell,True,153077747,153077747
TRUMP/USDT,43954401,1753844467945,2025-07-30 03:01:07.945000,9.49,3.503,33.24347,sell,True,153077748,153077748
TRUMP/USDT,43954402,1753844467987,2025-07-30 03:01:07.987000,9.49,4.427,42.012229999999995,sell,True,153077749,153077749
TRUMP/USDT,43954403,1753844468025,2025-07-30 03:01:08.025000,9.49,3.098,29.400019999999998,sell,True,153077750,153077750
TRUMP/USDT,43954404,1753844468066,2025-07-30 03:01:08.066000,9.49,2.86,27.1414,sell,True,153077751,153077751
TRUMP/USDT,43954405,1753844468088,2025-07-30 03:01:08.088000,9.49,2.319,22.00731,sell,True,153077752,153077752
TRUMP/USDT,43954406,1753844468437,2025-07-30 03:01:08.437000,9.49,67.106,636.8359399999999,sell,True,153077753,153077753
TRUMP/USDT,43954407,1753844468439,2025-07-30 03:01:08.439000,9.49,7.428,70.49172,sell,True,153077754,153077754
TRUMP/USDT,43954408,1753844468449,2025-07-30 03:01:08.449000,9.49,58.846,558.44854,sell,True,153077755,153077765
TRUMP/USDT,43954409,1753844471017,2025-07-30 03:01:11.017000,9.48,50.0,474.0,sell,True,153077766,153077766
TRUMP/USDT,43954410,1753844490739,2025-07-30 03:01:30.739000,9.49,24.23,229.9427,buy,False,153077767,153077767
TRUMP/USDT,43954411,1753844498107,2025-07-30 03:01:38.107000,9.49,26.152,248.18248000000003,buy,False,153077768,153077768
TRUMP/USDT,43954412,1753844564655,2025-07-30 03:02:44.655000,9.48,0.124,1.1755200000000001,sell,True,153077769,153077769
TRUMP/USDT,43954413,1753844571702,2025-07-30 03:02:51.702000,9.49,1.053,9.99297,buy,False,153077770,153077770
TRUMP/USDT,43954414,1753844572680,2025-07-30 03:02:52.680000,9.49,92.083,873.86767,buy,False,153077771,153077771
TRUMP/USDT,43954415,1753844602894,2025-07-30 03:03:22.894000,9.48,9.6,91.008,sell,True,153077772,153077777
TRUMP/USDT,43954416,1753844603544,2025-07-30 03:03:23.544000,9.48,6.16,58.396800000000006,sell,True,153077778,153077778
TRUMP/USDT,43954417,1753844606198,2025-07-30 03:03:26.198000,9.48,9.13,86.5524,sell,True,153077779,153077779
TRUMP/USDT,43954418,1753844606438,2025-07-30 03:03:26.438000,9.48,1237.561,11732.07828,sell,True,153077780,153077806
TRUMP/USDT,43954419,1753844606440,2025-07-30 03:03:26.440000,9.48,21.16,200.5968,sell,True,153077807,153077807
TRUMP/USDT,43954420,1753844606440,2025-07-30 03:03:26.440000,9.48,693.777,6577.00596,sell,True,153077808,153077816
TRUMP/USDT,43954421,1753844607690,2025-07-30 03:03:27.690000,9.48,0.693,6.56964,buy,False,153077817,153077817
TRUMP/USDT,43954422,1753844610590,2025-07-30 03:03:30.590000,9.48,28.167,267.02316,buy,False,153077818,153077838
TRUMP/USDT,43954423,1753844610602,2025-07-30 03:03:30.602000,9.48,1.688,16.00224,buy,False,153077839,153077839
TRUMP/USDT,43954424,1753844611708,2025-07-30 03:03:31.708000,9.48,102.903,975.5204400000001,buy,False,153077840,153077840
TRUMP/USDT,43954425,1753844616349,2025-07-30 03:03:36.349000,9.48,205.861,1951.56228,buy,False,153077841,153077842
TRUMP/USDT,43954426,1753844616349,2025-07-30 03:03:36.349000,9.48,35.789,339.27972000000005,buy,False,153077843,153077866
TRUMP/USDT,43954427,1753844628743,2025-07-30 03:03:48.743000,9.48,9.936,94.19328,sell,True,153077867,153077867
TRUMP/USDT,43954428,1753844629557,2025-07-30 03:03:49.557000,9.49,6.16,58.458400000000005,buy,False,153077868,153077868
TRUMP/USDT,43954429,1753844635370,2025-07-30 03:03:55.370000,9.49,6.16,58.458400000000005,buy,False,153077869,153077869
TRUMP/USDT,43954430,1753844636317,2025-07-30 03:03:56.317000,9.48,5.274,49.99752,sell,True,153077870,153077870
TRUMP/USDT,43954431,1753844637844,2025-07-30 03:03:57.844000,9.48,1.908,18.08784,sell,True,153077871,153077871
TRUMP/USDT,43954432,1753844640082,2025-07-30 03:04:00.082000,9.49,6.16,58.458400000000005,buy,False,153077872,153077872
TRUMP/USDT,43954433,1753844656245,2025-07-30 03:04:16.245000,9.49,55.389,525.64161,buy,False,153077873,153077873
TRUMP/USDT,43954434,1753844658925,2025-07-30 03:04:18.925000,9.48,9.6,91.008,sell,True,153077874,153077874
TRUMP/USDT,43954435,1753844670267,2025-07-30 03:04:30.267000,9.48,9.6,91.008,sell,True,153077875,153077875
TRUMP/USDT,43954436,1753844675945,2025-07-30 03:04:35.945000,9.48,1.536,14.561280000000002,sell,True,153077876,153077876
TRUMP/USDT,43954437,1753844676540,2025-07-30 03:04:36.540000,9.48,100.0,948.0,sell,True,153077877,153077877
TRUMP/USDT,43954438,1753844676611,2025-07-30 03:04:36.611000,9.48,5.929,56.206920000000004,sell,True,153077878,153077878
TRUMP/USDT,43954439,1753844678769,2025-07-30 03:04:38.769000,9.48,9.6,91.008,sell,True,153077879,153077879
TRUMP/USDT,43954440,1753844690113,2025-07-30 03:04:50.113000,9.49,2.0,18.98,buy,False,153077880,153077880
TRUMP/USDT,43954441,1753844692680,2025-07-30 03:04:52.680000,9.49,92.083,873.86767,buy,False,153077881,153077882
TRUMP/USDT,43954442,1753844697082,2025-07-30 03:04:57.082000,9.48,20.692,196.16016000000002,sell,True,153077883,153077883
TRUMP/USDT,43954443,1753844733534,2025-07-30 03:05:33.534000,9.48,33.441,317.02068,sell,True,153077884,153077888
TRUMP/USDT,43954444,1753844733535,2025-07-30 03:05:33.535000,9.48,144.661,1371.3862800000002,sell,True,153077889,153077889
TRUMP/USDT,43954445,1753844733540,2025-07-30 03:05:33.540000,9.48,443.228,4201.80144,sell,True,153077890,153077896
TRUMP/USDT,43954446,1753844733540,2025-07-30 03:05:33.540000,9.48,190.116,1802.2996800000003,sell,True,153077897,153077903
TRUMP/USDT,43954447,1753844733541,2025-07-30 03:05:33.541000,9.48,448.59,4252.6332,sell,True,153077904,153077922
TRUMP/USDT,43954448,1753844735875,2025-07-30 03:05:35.875000,9.47,1.915,18.135050000000003,sell,True,153077923,153077923
TRUMP/USDT,43954449,1753844741407,2025-07-30 03:05:41.407000,9.47,18.369,173.95443,sell,True,153077924,153077924
TRUMP/USDT,43954450,1753844764252,2025-07-30 03:06:04.252000,9.47,18.374,174.00178,sell,True,153077925,153077925
TRUMP/USDT,43954451,1753844767499,2025-07-30 03:06:07.499000,9.47,19.011,180.03417000000002,sell,True,153077926,153077970
TRUMP/USDT,43954452,1753844768042,2025-07-30 03:06:08.042000,9.47,9.02,85.4194,sell,True,153077971,153077971
TRUMP/USDT,43954453,1753844768732,2025-07-30 03:06:08.732000,9.48,0.822,7.79256,buy,False,153077972,153077972
TRUMP/USDT,43954454,1753844768743,2025-07-30 03:06:08.743000,9.48,0.694,6.57912,buy,False,153077973,153077973
TRUMP/USDT,43954455,1753844768748,2025-07-30 03:06:08.748000,9.48,0.822,7.79256,buy,False,153077974,153077974
TRUMP/USDT,43954456,1753844768758,2025-07-30 03:06:08.758000,9.48,0.694,6.57912,buy,False,153077975,153077975
TRUMP/USDT,43954457,1753844768765,2025-07-30 03:06:08.765000,9.48,0.822,7.79256,buy,False,153077976,153077976
TRUMP/USDT,43954458,1753844770360,2025-07-30 03:06:10.360000,9.47,6.16,58.33520000000001,sell,True,153077977,153077977
TRUMP/USDT,43954459,1753844770369,2025-07-30 03:06:10.369000,9.47,0.11,1.0417,sell,True,153077978,153077978
TRUMP/USDT,43954460,1753844773199,2025-07-30 03:06:13.199000,9.48,527.426,4999.99848,buy,False,153077979,153077981
TRUMP/USDT,43954461,1753844778147,2025-07-30 03:06:18.147000,9.47,8.45,80.0215,sell,True,153077982,153077982
TRUMP/USDT,43954462,1753844778154,2025-07-30 03:06:18.154000,9.47,7.426,70.32422000000001,sell,True,153077983,153077983
TRUMP/USDT,43954463,1753844778154,2025-07-30 03:06:18.154000,9.47,10.986,104.03742000000001,sell,True,153077984,153077984
TRUMP/USDT,43954464,1753844778165,2025-07-30 03:06:18.165000,9.47,54.123,512.54481,sell,True,153077985,153077985
TRUMP/USDT,43954465,1753844778167,2025-07-30 03:06:18.167000,9.47,1097.23,10390.768100000001,sell,True,153077986,153078015
TRUMP/USDT,43954466,1753844778383,2025-07-30 03:06:18.383000,9.46,9.13,86.36980000000001,sell,True,153078016,153078016
TRUMP/USDT,43954467,1753844778661,2025-07-30 03:06:18.661000,9.47,2.94,27.841800000000003,buy,False,153078017,153078017
TRUMP/USDT,43954468,1753844786305,2025-07-30 03:06:26.305000,9.47,329.241,3117.9122700000003,buy,False,153078018,153078048
TRUMP/USDT,43954469,1753844786305,2025-07-30 03:06:26.305000,9.47,1.06,10.038200000000002,buy,False,153078049,153078055
TRUMP/USDT,43954470,1753844794017,2025-07-30 03:06:34.017000,9.47,9.13,86.46110000000002,sell,True,153078056,153078068
TRUMP/USDT,43954471,1753844803735,2025-07-30 03:06:43.735000,9.47,12.143,114.99421000000001,sell,True,153078069,153078069
TRUMP/USDT,43954472,1753844807522,2025-07-30 03:06:47.522000,9.48,1.054,9.99192,buy,False,153078070,153078070
TRUMP/USDT,43954473,1753844842268,2025-07-30 03:07:22.268000,9.48,6.16,58.396800000000006,buy,False,153078071,153078075
TRUMP/USDT,43954474,1753844845704,2025-07-30 03:07:25.704000,9.48,113.838,1079.18424,buy,False,153078076,153078098
TRUMP/USDT,43954475,1753844845709,2025-07-30 03:07:25.709000,9.48,226.843,2150.47164,buy,False,153078099,153078102
TRUMP/USDT,43954477,1753844845710,2025-07-30 03:07:25.710000,9.48,32.139,304.67772,buy,False,153078104,153078117
TRUMP/USDT,43954476,1753844845710,2025-07-30 03:07:25.710000,9.48,283.85,2690.898,buy,False,153078103,153078103
TRUMP/USDT,43954478,1753844873792,2025-07-30 03:07:53.792000,9.48,203.35,1927.758,sell,True,153078118,153078120
TRUMP/USDT,43954479,1753844880390,2025-07-30 03:08:00.390000,9.48,206.06,1953.4488000000001,sell,True,153078121,153078138
TRUMP/USDT,43954480,1753844880884,2025-07-30 03:08:00.884000,9.48,9.13,86.5524,sell,True,153078139,153078139
TRUMP/USDT,43954481,1753844891867,2025-07-30 03:08:11.867000,9.48,2.096,19.87008,sell,True,153078140,153078140
TRUMP/USDT,43954482,1753844893046,2025-07-30 03:08:13.046000,9.48,198.2,1878.936,sell,True,153078141,153078166
TRUMP/USDT,43954483,1753844893047,2025-07-30 03:08:13.047000,9.48,0.111,1.05228,sell,True,153078167,153078167
TRUMP/USDT,43954484,1753844893168,2025-07-30 03:08:13.168000,9.47,9.13,86.46110000000002,sell,True,153078168,153078176
TRUMP/USDT,43954485,1753844900084,2025-07-30 03:08:20.084000,9.47,16.513,156.37811000000002,sell,True,153078177,153078177
TRUMP/USDT,43954486,1753844916547,2025-07-30 03:08:36.547000,9.47,0.362,3.42814,sell,True,153078178,153078178
TRUMP/USDT,43954487,1753844920170,2025-07-30 03:08:40.170000,9.48,0.228,2.1614400000000002,buy,False,153078179,153078179
TRUMP/USDT,43954488,1753844929421,2025-07-30 03:08:49.421000,9.47,0.318,3.0114600000000005,sell,True,153078180,153078180
TRUMP/USDT,43954489,1753844951398,2025-07-30 03:09:11.398000,9.47,22.552,213.56744,sell,True,153078181,153078181
TRUMP/USDT,43954490,1753844970873,2025-07-30 03:09:30.873000,9.47,0.844,7.99268,sell,True,153078182,153078182
TRUMP/USDT,43954491,1753844973788,2025-07-30 03:09:33.788000,9.48,112.92,1070.4816,buy,False,153078183,153078183
TRUMP/USDT,43954492,1753844974705,2025-07-30 03:09:34.705000,9.48,0.315,2.9862,buy,False,153078184,153078184
TRUMP/USDT,43954493,1753844979073,2025-07-30 03:09:39.073000,9.48,118.393,1122.36564,buy,False,153078185,153078185
TRUMP/USDT,43954494,1753844979073,2025-07-30 03:09:39.073000,9.48,1310.95,12427.806,buy,False,153078186,153078217
TRUMP/USDT,43954495,1753844979074,2025-07-30 03:09:39.074000,9.48,0.427,4.04796,buy,False,153078218,153078220
TRUMP/USDT,43954496,1753844979161,2025-07-30 03:09:39.161000,9.49,9.13,86.64370000000001,buy,False,153078221,153078221
TRUMP/USDT,43954497,1753844980323,2025-07-30 03:09:40.323000,9.48,2.111,20.012280000000004,sell,True,153078222,153078222
TRUMP/USDT,43954498,1753844999411,2025-07-30 03:09:59.411000,9.49,0.672,6.377280000000001,buy,False,153078223,153078223
TRUMP/USDT,43954499,1753845004871,2025-07-30 03:10:04.871000,9.48,1.615,15.3102,sell,True,153078224,153078224
TRUMP/USDT,43954500,1753845013616,2025-07-30 03:10:13.616000,9.49,3.296,31.27904,buy,False,153078225,153078225
TRUMP/USDT,43954501,1753845045270,2025-07-30 03:10:45.270000,9.48,0.13,1.2324000000000002,sell,True,153078226,153078226
TRUMP/USDT,43954502,1753845057189,2025-07-30 03:10:57.189000,9.49,97.628,926.48972,buy,False,153078227,153078227
TRUMP/USDT,43954503,1753845059349,2025-07-30 03:10:59.349000,9.48,0.673,6.380040000000001,sell,True,153078228,153078228
TRUMP/USDT,43954504,1753845066284,2025-07-30 03:11:06.284000,9.49,0.662,6.282380000000001,buy,False,153078229,153078229
TRUMP/USDT,43954505,1753845074466,2025-07-30 03:11:14.466000,9.48,3.967,37.60716,sell,True,153078230,153078230
TRUMP/USDT,43954506,1753845096356,2025-07-30 03:11:36.356000,9.49,10.548,100.10052,buy,False,153078231,153078231
TRUMP/USDT,43954507,1753845114038,2025-07-30 03:11:54.038000,9.48,1.06,10.048800000000002,sell,True,153078232,153078232
TRUMP/USDT,43954508,1753845119397,2025-07-30 03:11:59.397000,9.49,0.671,6.36779,buy,False,153078233,153078233
TRUMP/USDT,43954509,1753845119439,2025-07-30 03:11:59.439000,9.48,0.833,7.89684,sell,True,153078234,153078234
TRUMP/USDT,43954510,1753845120684,2025-07-30 03:12:00.684000,9.48,6.16,58.396800000000006,sell,True,153078235,153078235
TRUMP/USDT,43954511,1753845120688,2025-07-30 03:12:00.688000,9.48,0.11,1.0428,sell,True,153078236,153078236
TRUMP/USDT,43954512,1753845121774,2025-07-30 03:12:01.774000,9.48,9.02,85.5096,sell,True,153078237,153078237
TRUMP/USDT,43954513,1753845121935,2025-07-30 03:12:01.935000,9.48,522.318,4951.57464,sell,True,153078238,153078240
TRUMP/USDT,43954514,1753845121935,2025-07-30 03:12:01.935000,9.48,679.013,6437.043240000001,sell,True,153078241,153078255
TRUMP/USDT,43954515,1753845121938,2025-07-30 03:12:01.938000,9.48,200.307,1898.91036,sell,True,153078256,153078260
TRUMP/USDT,43954516,1753845121938,2025-07-30 03:12:01.938000,9.48,110.057,1043.3403600000001,sell,True,153078261,153078261
TRUMP/USDT,43954519,1753845121939,2025-07-30 03:12:01.939000,9.48,31.375,297.435,sell,True,153078277,153078277
TRUMP/USDT,43954518,1753845121939,2025-07-30 03:12:01.939000,9.48,1530.196,14506.25808,sell,True,153078263,153078276
TRUMP/USDT,43954517,1753845121939,2025-07-30 03:12:01.939000,9.48,6.551,62.103480000000005,sell,True,153078262,153078262
TRUMP/USDT,43954520,1753845121943,2025-07-30 03:12:01.943000,9.48,20.606,195.34488000000002,sell,True,153078278,153078278
TRUMP/USDT,43954521,1753845121945,2025-07-30 03:12:01.945000,9.48,10.723,101.65404000000001,sell,True,153078279,153078279
TRUMP/USDT,43954522,1753845121954,2025-07-30 03:12:01.954000,9.48,3.177,30.11796,sell,True,153078280,153078280
TRUMP/USDT,43954523,1753845121979,2025-07-30 03:12:01.979000,9.48,3.452,32.72496,sell,True,153078281,153078281
TRUMP/USDT,43954524,1753845121997,2025-07-30 03:12:01.997000,9.48,11.695,110.8686,sell,True,153078282,153078282
TRUMP/USDT,43954525,1753845122016,2025-07-30 03:12:02.016000,9.48,5.47,51.8556,sell,True,153078283,153078283
TRUMP/USDT,43954526,1753845122239,2025-07-30 03:12:02.239000,9.48,7.505,71.1474,sell,True,153078284,153078284
TRUMP/USDT,43954527,1753845122288,2025-07-30 03:12:02.288000,9.48,5.724,54.26352000000001,sell,True,153078285,153078285
TRUMP/USDT,43954528,1753845122344,2025-07-30 03:12:02.344000,9.48,5.93,56.2164,sell,True,153078286,153078286
TRUMP/USDT,43954529,1753845122385,2025-07-30 03:12:02.385000,9.48,4.293,40.69764,sell,True,153078287,153078287
TRUMP/USDT,43954530,1753845122439,2025-07-30 03:12:02.439000,9.48,6.628,62.83344,sell,True,153078288,153078288
TRUMP/USDT,43954531,1753845122775,2025-07-30 03:12:02.775000,9.48,9.13,86.5524,sell,True,153078289,153078289
TRUMP/USDT,43954532,1753845122785,2025-07-30 03:12:02.785000,9.48,28.166,267.01368,sell,True,153078290,153078290
TRUMP/USDT,43954533,1753845122878,2025-07-30 03:12:02.878000,9.48,9.752,92.44896000000001,sell,True,153078291,153078291
TRUMP/USDT,43954534,1753845123217,2025-07-30 03:12:03.217000,9.48,0.11,1.0428,sell,True,153078292,153078292
TRUMP/USDT,43954535,1753845123218,2025-07-30 03:12:03.218000,9.48,6.16,58.396800000000006,sell,True,153078293,153078293
TRUMP/USDT,43954536,1753845123397,2025-07-30 03:12:03.397000,9.48,24.213,229.53924,sell,True,153078294,153078294
TRUMP/USDT,43954537,1753845123770,2025-07-30 03:12:03.770000,9.48,9.13,86.5524,sell,True,153078295,153078295
TRUMP/USDT,43954538,1753845126605,2025-07-30 03:12:06.605000,9.48,6.16,58.396800000000006,sell,True,153078296,153078296
TRUMP/USDT,43954539,1753845136804,2025-07-30 03:12:16.804000,9.48,2.959,28.05132,sell,True,153078297,153078297
TRUMP/USDT,43954540,1753845145366,2025-07-30 03:12:25.366000,9.49,5.604,53.181960000000004,buy,False,153078298,153078298
TRUMP/USDT,43954541,1753845158052,2025-07-30 03:12:38.052000,9.48,6.16,58.396800000000006,sell,True,153078299,153078299
TRUMP/USDT,43954542,1753845158057,2025-07-30 03:12:38.057000,9.48,0.11,1.0428,sell,True,153078300,153078300
TRUMP/USDT,43954543,1753845160662,2025-07-30 03:12:40.662000,9.48,6.16,58.396800000000006,sell,True,153078301,153078301
TRUMP/USDT,43954544,1753845160971,2025-07-30 03:12:40.971000,9.48,0.626,5.934480000000001,sell,True,153078302,153078302
TRUMP/USDT,43954545,1753845179326,2025-07-30 03:12:59.326000,9.48,0.674,6.389520000000001,sell,True,153078303,153078303
TRUMP/USDT,43954546,1753845182138,2025-07-30 03:13:02.138000,9.48,111.49,1056.9252,sell,True,153078304,153078304
TRUMP/USDT,43954547,1753845187525,2025-07-30 03:13:07.525000,9.48,98.794,936.56712,sell,True,153078305,153078305
TRUMP/USDT,43954548,1753845195816,2025-07-30 03:13:15.816000,9.48,9.6,91.008,sell,True,153078306,153078306
TRUMP/USDT,43954549,1753845196732,2025-07-30 03:13:16.732000,9.48,5.4,51.19200000000001,sell,True,153078307,153078307
TRUMP/USDT,43954550,1753845213150,2025-07-30 03:13:33.150000,9.49,135.905,1289.73845,buy,False,153078308,153078308
TRUMP/USDT,43954551,1753845233975,2025-07-30 03:13:53.975000,9.49,124.93,1185.5857,buy,False,153078309,153078309
TRUMP/USDT,43954552,1753845242546,2025-07-30 03:14:02.546000,9.48,6.04,57.2592,sell,True,153078310,153078310
TRUMP/USDT,43954553,1753845245370,2025-07-30 03:14:05.370000,9.49,787.287,7471.3536300000005,buy,False,153078311,153078348
TRUMP/USDT,43954554,1753845245370,2025-07-30 03:14:05.370000,9.5,250.74,2382.03,buy,False,153078349,153078349
TRUMP/USDT,43954555,1753845245370,2025-07-30 03:14:05.370000,9.5,182.12,1730.14,buy,False,153078350,153078351
TRUMP/USDT,43954556,1753845273650,2025-07-30 03:14:33.650000,9.49,0.458,4.34642,sell,True,153078352,153078352
TRUMP/USDT,43954557,1753845293230,2025-07-30 03:14:53.230000,9.5,135.762,1289.739,buy,False,153078353,153078353
TRUMP/USDT,43954558,1753845325224,2025-07-30 03:15:25.224000,9.5,0.3,2.85,buy,False,153078354,153078355
TRUMP/USDT,43954559,1753845328016,2025-07-30 03:15:28.016000,9.5,399.049,3790.9655,buy,False,153078356,153078364
TRUMP/USDT,43954560,1753845333590,2025-07-30 03:15:33.590000,9.5,2.0,19.0,buy,False,153078365,153078365
TRUMP/USDT,43954561,1753845343159,2025-07-30 03:15:43.159000,9.5,4.218,40.071,buy,False,153078366,153078366
TRUMP/USDT,43954562,1753845372036,2025-07-30 03:16:12.036000,9.49,0.952,9.03448,sell,True,153078367,153078367
TRUMP/USDT,43954563,1753845381331,2025-07-30 03:16:21.331000,9.49,26.075,247.45175,sell,True,153078368,153078368
TRUMP/USDT,43954564,1753845381781,2025-07-30 03:16:21.781000,9.5,1.052,9.994,buy,False,153078369,153078369
TRUMP/USDT,43954565,1753845391835,2025-07-30 03:16:31.835000,9.49,9.13,86.64370000000001,sell,True,153078370,153078370
TRUMP/USDT,43954566,1753845391969,2025-07-30 03:16:31.969000,9.49,9.13,86.64370000000001,sell,True,153078371,153078371
TRUMP/USDT,43954568,1753845392056,2025-07-30 03:16:32.056000,9.49,313.969,2979.56581,sell,True,153078378,153078378
TRUMP/USDT,43954567,1753845392056,2025-07-30 03:16:32.056000,9.49,392.461,3724.45489,sell,True,153078372,153078377
TRUMP/USDT,43954569,1753845392068,2025-07-30 03:16:32.068000,9.49,9.13,86.64370000000001,sell,True,153078379,153078379
TRUMP/USDT,43954570,1753845392078,2025-07-30 03:16:32.078000,9.49,14.79,140.3571,sell,True,153078380,153078380
TRUMP/USDT,43954571,1753845392089,2025-07-30 03:16:32.089000,9.49,606.99,5760.3351,sell,True,153078381,153078392
TRUMP/USDT,43954572,1753845392092,2025-07-30 03:16:32.092000,9.49,2012.236,19096.11964,sell,True,153078393,153078414
TRUMP/USDT,43954573,1753845392094,2025-07-30 03:16:32.094000,9.49,0.466,4.42234,sell,True,153078415,153078417
TRUMP/USDT,43954574,1753845412421,2025-07-30 03:16:52.421000,9.49,10.0,94.9,buy,False,153078418,153078418
TRUMP/USDT,43954575,1753845436397,2025-07-30 03:17:16.397000,9.49,1053.74,9999.9926,buy,False,153078419,153078437
TRUMP/USDT,43954576,1753845436885,2025-07-30 03:17:16.885000,9.49,212.603,2017.60247,buy,False,153078438,153078441
TRUMP/USDT,43954577,1753845436997,2025-07-30 03:17:16.997000,9.49,61.233,581.10117,buy,False,153078442,153078442
TRUMP/USDT,43954578,1753845436997,2025-07-30 03:17:16.997000,9.49,55.896,530.45304,buy,False,153078443,153078452
TRUMP/USDT,43954580,1753845436998,2025-07-30 03:17:16.998000,9.49,26.169,248.34381000000002,buy,False,153078474,153078475
TRUMP/USDT,43954579,1753845436998,2025-07-30 03:17:16.998000,9.49,714.137,6777.160129999999,buy,False,153078453,153078473
TRUMP/USDT,43954581,1753845437066,2025-07-30 03:17:17.066000,9.5,9.02,85.69,buy,False,153078476,153078476
TRUMP/USDT,43954582,1753845447957,2025-07-30 03:17:27.957000,9.5,4.855,46.1225,buy,False,153078477,153078477
TRUMP/USDT,43954583,1753845465289,2025-07-30 03:17:45.289000,9.49,9.5,90.155,sell,True,153078478,153078478
TRUMP/USDT,43954584,1753845465291,2025-07-30 03:17:45.291000,9.5,1131.046,10744.937,buy,False,153078479,153078517
TRUMP/USDT,43954585,1753845465294,2025-07-30 03:17:45.294000,9.5,41.273,392.0935,buy,False,153078518,153078527
TRUMP/USDT,43954586,1753845469253,2025-07-30 03:17:49.253000,9.5,9.5,90.25,sell,True,153078528,153078528
TRUMP/USDT,43954587,1753845472293,2025-07-30 03:17:52.293000,9.5,9.5,90.25,sell,True,153078529,153078529
TRUMP/USDT,43954588,1753845480736,2025-07-30 03:18:00.736000,9.5,26.771,254.3245,sell,True,153078530,153078530
TRUMP/USDT,43954589,1753845480774,2025-07-30 03:18:00.774000,9.5,9.02,85.69,sell,True,153078531,153078531
TRUMP/USDT,43954590,1753845481716,2025-07-30 03:18:01.716000,9.51,13.985,132.99734999999998,buy,False,153078532,153078532
TRUMP/USDT,43954591,1753845482511,2025-07-30 03:18:02.511000,9.5,28.784,273.448,sell,True,153078533,153078533
TRUMP/USDT,43954592,1753845482532,2025-07-30 03:18:02.532000,9.5,193.403,1837.3284999999998,sell,True,153078534,153078534
TRUMP/USDT,43954593,1753845482533,2025-07-30 03:18:02.533000,9.5,389.942,3704.449,sell,True,153078535,153078546
TRUMP/USDT,43954594,1753845482535,2025-07-30 03:18:02.535000,9.5,3.417,32.4615,sell,True,153078547,153078547
TRUMP/USDT,43954595,1753845482565,2025-07-30 03:18:02.565000,9.5,3.911,37.1545,sell,True,153078548,153078548
TRUMP/USDT,43954596,1753845482581,2025-07-30 03:18:02.581000,9.5,1.743,16.558500000000002,sell,True,153078549,153078549
TRUMP/USDT,43954597,1753845482603,2025-07-30 03:18:02.603000,9.5,8.799,83.59049999999999,sell,True,153078550,153078550
TRUMP/USDT,43954598,1753845482619,2025-07-30 03:18:02.619000,9.5,1.73,16.435,sell,True,153078551,153078551
TRUMP/USDT,43954599,1753845482693,2025-07-30 03:18:02.693000,9.5,1.605,15.2475,sell,True,153078552,153078552
TRUMP/USDT,43954600,1753845482708,2025-07-30 03:18:02.708000,9.5,1.599,15.1905,sell,True,153078553,153078553
TRUMP/USDT,43954601,1753845482720,2025-07-30 03:18:02.720000,9.5,1.224,11.628,sell,True,153078554,153078554
TRUMP/USDT,43954602,1753845482742,2025-07-30 03:18:02.742000,9.5,2.362,22.439,sell,True,153078555,153078555
TRUMP/USDT,43954603,1753845482744,2025-07-30 03:18:02.744000,9.5,130.92,1243.7399999999998,sell,True,153078556,153078556
TRUMP/USDT,43954604,1753845482771,2025-07-30 03:18:02.771000,9.5,9.13,86.73500000000001,sell,True,153078557,153078557
TRUMP/USDT,43954605,1753845482785,2025-07-30 03:18:02.785000,9.5,3.548,33.706,sell,True,153078558,153078559
TRUMP/USDT,43954606,1753845482818,2025-07-30 03:18:02.818000,9.5,1.373,13.0435,sell,True,153078560,153078560
TRUMP/USDT,43954607,1753845482843,2025-07-30 03:18:02.843000,9.5,2.662,25.288999999999998,sell,True,153078561,153078561
TRUMP/USDT,43954608,1753845482894,2025-07-30 03:18:02.894000,9.5,4.188,39.785999999999994,sell,True,153078562,153078562
TRUMP/USDT,43954609,1753845482908,2025-07-30 03:18:02.908000,9.5,1.486,14.116999999999999,sell,True,153078563,153078563
TRUMP/USDT,43954610,1753845482915,2025-07-30 03:18:02.915000,9.5,21.452,203.794,sell,True,153078564,153078564
TRUMP/USDT,43954611,1753845482918,2025-07-30 03:18:02.918000,9.5,1.06,10.07,sell,True,153078565,153078565
TRUMP/USDT,43954612,1753845482933,2025-07-30 03:18:02.933000,9.5,4.177,39.6815,sell,True,153078566,153078566
TRUMP/USDT,43954613,1753845482944,2025-07-30 03:18:02.944000,9.5,1.921,18.2495,sell,True,153078567,153078567
TRUMP/USDT,43954614,1753845482971,2025-07-30 03:18:02.971000,9.5,9.13,86.73500000000001,sell,True,153078568,153078568
TRUMP/USDT,43954615,1753845482973,2025-07-30 03:18:02.973000,9.5,3.015,28.642500000000002,sell,True,153078569,153078569
TRUMP/USDT,43954616,1753845482985,2025-07-30 03:18:02.985000,9.5,1.046,9.937000000000001,sell,True,153078570,153078570
TRUMP/USDT,43954617,1753845482987,2025-07-30 03:18:02.987000,9.5,9.13,86.73500000000001,sell,True,153078571,153078571
TRUMP/USDT,43954618,1753845483072,2025-07-30 03:18:03.072000,9.5,9.13,86.73500000000001,sell,True,153078572,153078572
TRUMP/USDT,43954619,1753845483086,2025-07-30 03:18:03.086000,9.5,9.13,86.73500000000001,sell,True,153078573,153078573
TRUMP/USDT,43954620,1753845483364,2025-07-30 03:18:03.364000,9.5,25.007,237.56650000000002,sell,True,153078574,153078574
TRUMP/USDT,43954621,1753845484312,2025-07-30 03:18:04.312000,9.51,2.103,19.99953,buy,False,153078575,153078575
TRUMP/USDT,43954622,1753845487100,2025-07-30 03:18:07.100000,9.5,27.138,257.81100000000004,sell,True,153078576,153078579
TRUMP/USDT,43954623,1753845487112,2025-07-30 03:18:07.112000,9.5,9.13,86.73500000000001,sell,True,153078580,153078580
TRUMP/USDT,43954624,1753845487114,2025-07-30 03:18:07.114000,9.5,2.521,23.9495,sell,True,153078581,153078581
TRUMP/USDT,43954625,1753845487144,2025-07-30 03:18:07.144000,9.5,3.116,29.602,sell,True,153078582,153078582
TRUMP/USDT,43954626,1753845487157,2025-07-30 03:18:07.157000,9.5,1.865,17.7175,sell,True,153078583,153078583
TRUMP/USDT,43954627,1753845487196,2025-07-30 03:18:07.196000,9.5,3.192,30.324,sell,True,153078584,153078584
TRUMP/USDT,43954628,1753845487445,2025-07-30 03:18:07.445000,9.5,24.888,236.436,sell,True,153078585,153078585
TRUMP/USDT,43954629,1753845487476,2025-07-30 03:18:07.476000,9.5,5.208,49.476,sell,True,153078586,153078586
TRUMP/USDT,43954630,1753845487523,2025-07-30 03:18:07.523000,9.5,5.504,52.288,sell,True,153078587,153078587
TRUMP/USDT,43954631,1753845487764,2025-07-30 03:18:07.764000,9.5,6.16,58.52,sell,True,153078588,153078588
TRUMP/USDT,43954632,1753845489916,2025-07-30 03:18:09.916000,9.5,26.357,250.3915,sell,True,153078589,153078589
TRUMP/USDT,43954633,1753845489948,2025-07-30 03:18:09.948000,9.5,3.372,32.034,sell,True,153078590,153078590
TRUMP/USDT,43954634,1753845489997,2025-07-30 03:18:09.997000,9.5,5.241,49.7895,sell,True,153078591,153078591
TRUMP/USDT,43954635,1753845490045,2025-07-30 03:18:10.045000,9.5,4.991,47.4145,sell,True,153078592,153078592
TRUMP/USDT,43954636,1753845490102,2025-07-30 03:18:10.102000,9.5,6.078,57.741,sell,True,153078593,153078593
TRUMP/USDT,43954637,1753845490150,2025-07-30 03:18:10.150000,9.5,5.017,47.661500000000004,sell,True,153078594,153078594
TRUMP/USDT,43954638,1753845490198,2025-07-30 03:18:10.198000,9.5,9.13,86.73500000000001,sell,True,153078595,153078595
TRUMP/USDT,43954639,1753845490200,2025-07-30 03:18:10.200000,9.5,5.233,49.713499999999996,sell,True,153078596,153078596
TRUMP/USDT,43954640,1753845490251,2025-07-30 03:18:10.251000,9.5,5.392,51.224000000000004,sell,True,153078597,153078597
TRUMP/USDT,43954641,1753845490293,2025-07-30 03:18:10.293000,9.5,4.408,41.876000000000005,sell,True,153078598,153078598
TRUMP/USDT,43954642,1753845490353,2025-07-30 03:18:10.353000,9.5,6.328,60.116,sell,True,153078599,153078599
TRUMP/USDT,43954643,1753845490949,2025-07-30 03:18:10.949000,9.5,9.13,86.73500000000001,sell,True,153078600,153078600
TRUMP/USDT,43954644,1753845491151,2025-07-30 03:18:11.151000,9.5,9.13,86.73500000000001,sell,True,153078601,153078601
TRUMP/USDT,43954645,1753845491167,2025-07-30 03:18:11.167000,9.5,9.13,86.73500000000001,sell,True,153078602,153078602
TRUMP/USDT,43954646,1753845491302,2025-07-30 03:18:11.302000,9.51,20.609,195.99159,buy,False,153078603,153078603
TRUMP/USDT,43954647,1753845491661,2025-07-30 03:18:11.661000,9.5,6.16,58.52,sell,True,153078604,153078604
TRUMP/USDT,43954648,1753845492914,2025-07-30 03:18:12.914000,9.5,26.333,250.1635,sell,True,153078605,153078605
TRUMP/USDT,43954649,1753845492929,2025-07-30 03:18:12.929000,9.5,3.898,37.031,sell,True,153078606,153078606
TRUMP/USDT,43954650,1753845492944,2025-07-30 03:18:12.944000,9.5,2.634,25.023,sell,True,153078607,153078607
TRUMP/USDT,43954651,1753845492968,2025-07-30 03:18:12.968000,9.5,3.661,34.7795,sell,True,153078608,153078608
TRUMP/USDT,43954652,1753845492989,2025-07-30 03:18:12.989000,9.5,2.285,21.707500000000003,sell,True,153078609,153078609
TRUMP/USDT,43954653,1753845493010,2025-07-30 03:18:13.010000,9.5,1.106,10.507000000000001,sell,True,153078610,153078610
TRUMP/USDT,43954654,1753845493013,2025-07-30 03:18:13.013000,9.5,130.323,1238.0685,sell,True,153078611,153078611
TRUMP/USDT,43954655,1753845493044,2025-07-30 03:18:13.044000,9.5,3.614,34.333,sell,True,153078612,153078612
TRUMP/USDT,43954656,1753845493046,2025-07-30 03:18:13.046000,9.5,19.341,183.73950000000002,sell,True,153078613,153078613
TRUMP/USDT,43954657,1753845493048,2025-07-30 03:18:13.048000,9.5,12.834,121.923,sell,True,153078614,153078614
TRUMP/USDT,43954658,1753845493091,2025-07-30 03:18:13.091000,9.5,4.925,46.7875,sell,True,153078615,153078615
TRUMP/USDT,43954659,1753845493142,2025-07-30 03:18:13.142000,9.5,7.151,67.9345,sell,True,153078616,153078616
TRUMP/USDT,43954660,1753845493180,2025-07-30 03:18:13.180000,9.5,2.1,19.95,sell,True,153078617,153078617
TRUMP/USDT,43954661,1753845496628,2025-07-30 03:18:16.628000,9.5,1.052,9.994,sell,True,153078618,153078618
TRUMP/USDT,43954662,1753845497232,2025-07-30 03:18:17.232000,9.5,1.263,11.9985,sell,True,153078619,153078619
TRUMP/USDT,43954663,1753845506039,2025-07-30 03:18:26.039000,9.5,28.743,273.0585,sell,True,153078620,153078620
TRUMP/USDT,43954664,1753845506076,2025-07-30 03:18:26.076000,9.5,18.323,174.0685,sell,True,153078621,153078624
TRUMP/USDT,43954665,1753845506079,2025-07-30 03:18:26.079000,9.5,4.813,45.723499999999994,sell,True,153078625,153078625
TRUMP/USDT,43954666,1753845506092,2025-07-30 03:18:26.092000,9.5,1.558,14.801,sell,True,153078626,153078626
TRUMP/USDT,43954667,1753845506114,2025-07-30 03:18:26.114000,9.5,213.135,2024.7824999999998,sell,True,153078627,153078627
TRUMP/USDT,43954668,1753845506116,2025-07-30 03:18:26.116000,9.5,7.319,69.5305,sell,True,153078628,153078628
TRUMP/USDT,43954669,1753845506117,2025-07-30 03:18:26.117000,9.5,142.392,1352.724,sell,True,153078629,153078654
TRUMP/USDT,43954670,1753845513236,2025-07-30 03:18:33.236000,9.5,104.21,989.9949999999999,buy,False,153078655,153078657
TRUMP/USDT,43954671,1753845525462,2025-07-30 03:18:45.462000,9.5,5.263,49.9985,buy,False,153078658,153078658
TRUMP/USDT,43954672,1753845542998,2025-07-30 03:19:02.998000,9.49,49.455,469.32795,sell,True,153078659,153078659
TRUMP/USDT,43954673,1753845551133,2025-07-30 03:19:11.133000,9.49,27.429,260.30120999999997,sell,True,153078660,153078661
TRUMP/USDT,43954674,1753845551224,2025-07-30 03:19:11.224000,9.49,13.601,129.07349000000002,sell,True,153078662,153078662
TRUMP/USDT,43954675,1753845551279,2025-07-30 03:19:11.279000,9.49,2.016,19.13184,sell,True,153078663,153078663
TRUMP/USDT,43954676,1753845551302,2025-07-30 03:19:11.302000,9.49,3.214,30.50086,sell,True,153078664,153078664
TRUMP/USDT,43954677,1753845551312,2025-07-30 03:19:11.312000,9.49,2.581,24.49369,sell,True,153078665,153078665
TRUMP/USDT,43954678,1753845551328,2025-07-30 03:19:11.328000,9.49,8.375,79.47875,sell,True,153078666,153078666
TRUMP/USDT,43954679,1753845551506,2025-07-30 03:19:11.506000,9.49,9.152,86.85248,sell,True,153078667,153078667
TRUMP/USDT,43954680,1753845551549,2025-07-30 03:19:11.549000,9.49,4.246,40.294540000000005,sell,True,153078668,153078668
TRUMP/USDT,43954681,1753845551592,2025-07-30 03:19:11.592000,9.49,5.468,51.89132,sell,True,153078669,153078669
TRUMP/USDT,43954682,1753845551633,2025-07-30 03:19:11.633000,9.49,3.266,30.99434,sell,True,153078670,153078670
TRUMP/USDT,43954683,1753845553398,2025-07-30 03:19:13.398000,9.49,15.28,145.00719999999998,sell,True,153078671,153078671
TRUMP/USDT,43954684,1753845565312,2025-07-30 03:19:25.312000,9.5,1.0,9.5,buy,False,153078672,153078672
TRUMP/USDT,43954685,1753845568833,2025-07-30 03:19:28.833000,9.5,0.631,5.9945,buy,False,153078673,153078673
TRUMP/USDT,43954686,1753845577962,2025-07-30 03:19:37.962000,9.49,6.16,58.458400000000005,sell,True,153078674,153078674
TRUMP/USDT,43954687,1753845589590,2025-07-30 03:19:49.590000,9.49,3.0,28.47,sell,True,153078675,153078675
TRUMP/USDT,43954688,1753845613117,2025-07-30 03:20:13.117000,9.5,7.0,66.5,buy,False,153078676,153078676
TRUMP/USDT,43954689,1753845616844,2025-07-30 03:20:16.844000,9.5,2.526,23.997,buy,False,153078677,153078677
TRUMP/USDT,43954690,1753845622044,2025-07-30 03:20:22.044000,9.49,1.002,9.508980000000001,sell,True,153078678,153078678
TRUMP/USDT,43954691,1753845634349,2025-07-30 03:20:34.349000,9.5,0.526,4.997,buy,False,153078679,153078679
TRUMP/USDT,43954692,1753845637845,2025-07-30 03:20:37.845000,9.5,0.631,5.9945,buy,False,153078680,153078680
TRUMP/USDT,43954693,1753845638656,2025-07-30 03:20:38.656000,9.49,6.16,58.458400000000005,sell,True,153078681,153078681
TRUMP/USDT,43954694,1753845643730,2025-07-30 03:20:43.730000,9.49,26.381,250.35569,sell,True,153078682,153078682
TRUMP/USDT,43954695,1753845643742,2025-07-30 03:20:43.742000,9.49,5.534,52.51766,sell,True,153078683,153078683
TRUMP/USDT,43954696,1753845643754,2025-07-30 03:20:43.754000,9.49,2.766,26.24934,sell,True,153078684,153078684
TRUMP/USDT,43954697,1753845643770,2025-07-30 03:20:43.770000,9.49,3.062,29.05838,sell,True,153078685,153078685
TRUMP/USDT,43954698,1753845643786,2025-07-30 03:20:43.786000,9.49,1.729,16.40821,sell,True,153078686,153078686
TRUMP/USDT,43954699,1753845643804,2025-07-30 03:20:43.804000,9.49,1.287,12.21363,sell,True,153078687,153078687
TRUMP/USDT,43954700,1753845643820,2025-07-30 03:20:43.820000,9.49,2.567,24.360830000000004,sell,True,153078688,153078688
TRUMP/USDT,43954701,1753845643839,2025-07-30 03:20:43.839000,9.49,5.298,50.278020000000005,sell,True,153078689,153078689
TRUMP/USDT,43954702,1753845643851,2025-07-30 03:20:43.851000,9.49,1.306,12.39394,sell,True,153078690,153078690
TRUMP/USDT,43954703,1753845643877,2025-07-30 03:20:43.877000,9.49,2.81,26.666900000000002,sell,True,153078691,153078691
TRUMP/USDT,43954704,1753845643921,2025-07-30 03:20:43.921000,9.49,2.409,22.86141,sell,True,153078692,153078692
TRUMP/USDT,43954705,1753845643951,2025-07-30 03:20:43.951000,9.49,3.162,30.00738,sell,True,153078693,153078693
TRUMP/USDT,43954706,1753845643965,2025-07-30 03:20:43.965000,9.49,1.22,11.5778,sell,True,153078694,153078694
TRUMP/USDT,43954707,1753845644002,2025-07-30 03:20:44.002000,9.49,2.327,22.08323,sell,True,153078695,153078695
TRUMP/USDT,43954708,1753845644014,2025-07-30 03:20:44.014000,9.49,1.277,12.11873,sell,True,153078696,153078696
TRUMP/USDT,43954709,1753845644032,2025-07-30 03:20:44.032000,9.49,9.13,86.64370000000001,sell,True,153078697,153078697
TRUMP/USDT,43954710,1753845644786,2025-07-30 03:20:44.786000,9.49,32.423,307.69427,sell,True,153078698,153078698
TRUMP/USDT,43954711,1753845644846,2025-07-30 03:20:44.846000,9.49,2.515,23.867350000000002,sell,True,153078699,153078699
TRUMP/USDT,43954712,1753845649037,2025-07-30 03:20:49.037000,9.49,7.765,73.68984999999999,sell,True,153078700,153078700
TRUMP/USDT,43954713,1753845652665,2025-07-30 03:20:52.665000,9.49,10.984,104.23816000000001,sell,True,153078701,153078701
TRUMP/USDT,43954714,1753845707395,2025-07-30 03:21:47.395000,9.5,244.855,2326.1225,buy,False,153078702,153078702
TRUMP/USDT,43954715,1753845712877,2025-07-30 03:21:52.877000,9.5,2.526,23.997,buy,False,153078703,153078703
TRUMP/USDT,43954716,1753845713968,2025-07-30 03:21:53.968000,9.5,9.13,86.73500000000001,buy,False,153078704,153078704
TRUMP/USDT,43954717,1753845736751,2025-07-30 03:22:16.751000,9.5,41.031,389.79449999999997,buy,False,153078705,153078705
TRUMP/USDT,43954718,1753845736754,2025-07-30 03:22:16.754000,9.5,47.057,447.04150000000004,buy,False,153078706,153078706
TRUMP/USDT,43954719,1753845736776,2025-07-30 03:22:16.776000,9.5,9.13,86.73500000000001,buy,False,153078707,153078707
TRUMP/USDT,43954720,1753845741363,2025-07-30 03:22:21.363000,9.5,15.598,148.181,buy,False,153078708,153078708
TRUMP/USDT,43954721,1753845741364,2025-07-30 03:22:21.364000,9.5,110.591,1050.6145,buy,False,153078709,153078723
TRUMP/USDT,43954722,1753845741364,2025-07-30 03:22:21.364000,9.5,549.769,5222.8055,buy,False,153078724,153078726
TRUMP/USDT,43954723,1753845741364,2025-07-30 03:22:21.364000,9.5,161.713,1536.2735,buy,False,153078727,153078729
TRUMP/USDT,43954724,1753845741365,2025-07-30 03:22:21.365000,9.5,205.585,1953.0575000000001,buy,False,153078730,153078742
TRUMP/USDT,43954725,1753845741365,2025-07-30 03:22:21.365000,9.5,113.496,1078.212,buy,False,153078743,153078753
TRUMP/USDT,43954726,1753845744422,2025-07-30 03:22:24.422000,9.51,0.21,1.9970999999999999,buy,False,153078754,153078754
TRUMP/USDT,43954727,1753845745420,2025-07-30 03:22:25.420000,9.5,28.196,267.862,sell,True,153078755,153078755
TRUMP/USDT,43954728,1753845745438,2025-07-30 03:22:25.438000,9.5,1.513,14.3735,sell,True,153078756,153078756
TRUMP/USDT,43954729,1753845745449,2025-07-30 03:22:25.449000,9.5,5.707,54.216499999999996,sell,True,153078757,153078757
TRUMP/USDT,43954730,1753845745468,2025-07-30 03:22:25.468000,9.5,4.093,38.8835,sell,True,153078758,153078773
TRUMP/USDT,43954731,1753845745538,2025-07-30 03:22:25.538000,9.5,1.961,18.6295,sell,True,153078774,153078774
TRUMP/USDT,43954732,1753845745560,2025-07-30 03:22:25.560000,9.5,2.9,27.55,sell,True,153078775,153078775
TRUMP/USDT,43954733,1753845745744,2025-07-30 03:22:25.744000,9.5,21.268,202.046,sell,True,153078776,153078777
TRUMP/USDT,43954734,1753845745786,2025-07-30 03:22:25.786000,9.5,4.363,41.4485,sell,True,153078778,153078778
TRUMP/USDT,43954735,1753845745844,2025-07-30 03:22:25.844000,9.5,6.165,58.5675,sell,True,153078779,153078779
TRUMP/USDT,43954736,1753845745945,2025-07-30 03:22:25.945000,9.5,8.45,80.27499999999999,sell,True,153078780,153078780
TRUMP/USDT,43954737,1753845745997,2025-07-30 03:22:25.997000,9.5,4.178,39.691,sell,True,153078781,153078781
TRUMP/USDT,43954738,1753845746026,2025-07-30 03:22:26.026000,9.5,2.976,28.272,sell,True,153078782,153078782
TRUMP/USDT,43954739,1753845746265,2025-07-30 03:22:26.265000,9.5,24.923,236.7685,sell,True,153078783,153078783
TRUMP/USDT,43954740,1753845747444,2025-07-30 03:22:27.444000,9.5,26.804,254.63799999999998,sell,True,153078784,153078784
TRUMP/USDT,43954741,1753845747468,2025-07-30 03:22:27.468000,9.5,2.495,23.7025,sell,True,153078785,153078785
TRUMP/USDT,43954742,1753845747519,2025-07-30 03:22:27.519000,9.5,5.552,52.744,sell,True,153078786,153078786
TRUMP/USDT,43954743,1753845747543,2025-07-30 03:22:27.543000,9.5,5.152,48.944,sell,True,153078787,153078787
TRUMP/USDT,43954744,1753845747569,2025-07-30 03:22:27.569000,9.5,5.388,51.186,sell,True,153078788,153078788
TRUMP/USDT,43954745,1753845747844,2025-07-30 03:22:27.844000,9.5,28.976,275.272,sell,True,153078789,153078789
TRUMP/USDT,43954746,1753845747873,2025-07-30 03:22:27.873000,9.5,2.978,28.291,sell,True,153078790,153078790
TRUMP/USDT,43954747,1753845747974,2025-07-30 03:22:27.974000,9.5,10.656,101.232,sell,True,153078791,153078791
TRUMP/USDT,43954748,1753845748010,2025-07-30 03:22:28.010000,9.5,2.288,21.735999999999997,sell,True,153078792,153078792
TRUMP/USDT,43954749,1753845748059,2025-07-30 03:22:28.059000,9.5,4.111,39.0545,sell,True,153078793,153078793
TRUMP/USDT,43954750,1753845748074,2025-07-30 03:22:28.074000,9.5,1.528,14.516,sell,True,153078794,153078794
TRUMP/USDT,43954751,1753845748317,2025-07-30 03:22:28.317000,9.5,22.388,212.686,sell,True,153078795,153078795
TRUMP/USDT,43954752,1753845748378,2025-07-30 03:22:28.378000,9.5,10.058,95.551,sell,True,153078796,153078796
TRUMP/USDT,43954753,1753845748415,2025-07-30 03:22:28.415000,9.5,3.876,36.821999999999996,sell,True,153078797,153078797
TRUMP/USDT,43954754,1753845748480,2025-07-30 03:22:28.480000,9.5,6.884,65.398,sell,True,153078798,153078798
TRUMP/USDT,43954755,1753845748786,2025-07-30 03:22:28.786000,9.5,30.107,286.0165,sell,True,153078799,153078799
TRUMP/USDT,43954756,1753845748801,2025-07-30 03:22:28.801000,9.5,2.058,19.551,sell,True,153078800,153078800
TRUMP/USDT,43954757,1753845749068,2025-07-30 03:22:29.068000,9.5,24.056,228.532,sell,True,153078801,153078801
TRUMP/USDT,43954758,1753845751539,2025-07-30 03:22:31.539000,9.5,6.16,58.52,sell,True,153078802,153078802
TRUMP/USDT,43954759,1753845752845,2025-07-30 03:22:32.845000,9.5,26.972,256.23400000000004,sell,True,153078803,153078803
TRUMP/USDT,43954760,1753845752848,2025-07-30 03:22:32.848000,9.5,14.503,137.7785,sell,True,153078804,153078819
TRUMP/USDT,43954761,1753845759281,2025-07-30 03:22:39.281000,9.5,5.0,47.5,buy,False,153078820,153078820
TRUMP/USDT,43954762,1753845762050,2025-07-30 03:22:42.050000,9.5,10.526,99.997,buy,False,153078821,153078821
TRUMP/USDT,43954763,1753845764777,2025-07-30 03:22:44.777000,9.5,9.13,86.73500000000001,buy,False,153078822,153078822
TRUMP/USDT,43954764,1753845764791,2025-07-30 03:22:44.791000,9.5,9.13,86.73500000000001,buy,False,153078823,153078823
TRUMP/USDT,43954765,1753845775889,2025-07-30 03:22:55.889000,9.5,9.13,86.73500000000001,buy,False,153078824,153078824
TRUMP/USDT,43954766,1753845775899,2025-07-30 03:22:55.899000,9.5,7.51,71.345,buy,False,153078825,153078825
TRUMP/USDT,43954767,1753845775906,2025-07-30 03:22:55.906000,9.5,1.62,15.39,buy,False,153078826,153078826
TRUMP/USDT,43954768,1753845775907,2025-07-30 03:22:55.907000,9.5,9.13,86.73500000000001,buy,False,153078827,153078827
TRUMP/USDT,43954769,1753845775917,2025-07-30 03:22:55.917000,9.5,9.13,86.73500000000001,buy,False,153078828,153078828
TRUMP/USDT,43954770,1753845775939,2025-07-30 03:22:55.939000,9.5,9.13,86.73500000000001,buy,False,153078829,153078829
TRUMP/USDT,43954771,1753845776694,2025-07-30 03:22:56.694000,9.49,6.78,64.3422,sell,True,153078830,153078830
TRUMP/USDT,43954772,1753845777252,2025-07-30 03:22:57.252000,9.5,9.13,86.73500000000001,buy,False,153078831,153078831
TRUMP/USDT,43954773,1753845777295,2025-07-30 03:22:57.295000,9.5,3.459,32.8605,buy,False,153078832,153078832
TRUMP/USDT,43954774,1753845778392,2025-07-30 03:22:58.392000,9.5,129.95,1234.5249999999999,buy,False,153078833,153078835
TRUMP/USDT,43954775,1753845778392,2025-07-30 03:22:58.392000,9.5,1310.95,12454.025,buy,False,153078836,153078854
TRUMP/USDT,43954776,1753845778392,2025-07-30 03:22:58.392000,9.5,26.206,248.957,buy,False,153078855,153078865
TRUMP/USDT,43954777,1753845781804,2025-07-30 03:23:01.804000,9.51,0.63,5.9913,buy,False,153078866,153078866
TRUMP/USDT,43954778,1753845783046,2025-07-30 03:23:03.046000,9.51,2.483,23.61333,buy,False,153078867,153078867
TRUMP/USDT,43954779,1753845787024,2025-07-30 03:23:07.024000,9.5,5.203,49.4285,sell,True,153078868,153078868
TRUMP/USDT,43954780,1753845834351,2025-07-30 03:23:54.351000,9.5,27.66,262.77,sell,True,153078869,153078879
TRUMP/USDT,43954781,1753845834362,2025-07-30 03:23:54.362000,9.5,6.733,63.963499999999996,sell,True,153078880,153078880
TRUMP/USDT,43954782,1753845834389,2025-07-30 03:23:54.389000,9.5,0.366,3.477,sell,True,153078881,153078881
TRUMP/USDT,43954783,1753845834392,2025-07-30 03:23:54.392000,9.5,2.065,19.6175,sell,True,153078882,153078882
TRUMP/USDT,43954784,1753845834422,2025-07-30 03:23:54.422000,9.5,7.766,73.777,sell,True,153078883,153078883
TRUMP/USDT,43954785,1753845834440,2025-07-30 03:23:54.440000,9.5,1.696,16.112,sell,True,153078884,153078884
TRUMP/USDT,43954786,1753845834462,2025-07-30 03:23:54.462000,9.5,0.798,7.581,sell,True,153078885,153078885
TRUMP/USDT,43954787,1753845834475,2025-07-30 03:23:54.475000,9.5,1.429,13.5755,sell,True,153078886,153078886
TRUMP/USDT,43954788,1753845834518,2025-07-30 03:23:54.518000,9.5,2.192,20.824,sell,True,153078887,153078887
TRUMP/USDT,43954789,1753845834538,2025-07-30 03:23:54.538000,9.5,2.161,20.5295,sell,True,153078888,153078888
TRUMP/USDT,43954790,1753845836575,2025-07-30 03:23:56.575000,9.5,6.16,58.52,sell,True,153078889,153078889
TRUMP/USDT,43954791,1753845836793,2025-07-30 03:23:56.793000,9.5,9.13,86.73500000000001,sell,True,153078890,153078890
TRUMP/USDT,43954792,1753845836819,2025-07-30 03:23:56.819000,9.5,34.492,327.674,sell,True,153078891,153078891
TRUMP/USDT,43954793,1753845836830,2025-07-30 03:23:56.830000,9.5,9.13,86.73500000000001,sell,True,153078892,153078892
TRUMP/USDT,43954794,1753845836831,2025-07-30 03:23:56.831000,9.5,232.04,2204.38,sell,True,153078893,153078913
TRUMP/USDT,43954795,1753845836833,2025-07-30 03:23:56.833000,9.5,0.111,1.0545,sell,True,153078914,153078914
TRUMP/USDT,43954796,1753845836860,2025-07-30 03:23:56.860000,9.49,9.13,86.64370000000001,sell,True,153078915,153078915
TRUMP/USDT,43954797,1753845844479,2025-07-30 03:24:04.479000,9.49,5.488,52.081120000000006,sell,True,153078916,153078916
TRUMP/USDT,43954798,1753845847045,2025-07-30 03:24:07.045000,9.5,0.421,3.9995,buy,False,153078917,153078917
TRUMP/USDT,43954799,1753845862546,2025-07-30 03:24:22.546000,9.49,2.468,23.42132,sell,True,153078918,153078918
TRUMP/USDT,43954800,1753845868350,2025-07-30 03:24:28.350000,9.5,9.363,88.9485,buy,False,153078919,153078920
TRUMP/USDT,43954801,1753845879955,2025-07-30 03:24:39.955000,9.5,1.614,15.333,buy,False,153078921,153078921
TRUMP/USDT,43954802,1753845880070,2025-07-30 03:24:40.070000,9.5,0.189,1.7955,buy,False,153078922,153078922
TRUMP/USDT,43954803,1753845891233,2025-07-30 03:24:51.233000,9.49,5.074,48.15226,sell,True,153078923,153078923
TRUMP/USDT,43954804,1753845898358,2025-07-30 03:24:58.358000,9.49,6.16,58.458400000000005,sell,True,153078924,153078924
TRUMP/USDT,43954805,1753845900157,2025-07-30 03:25:00.157000,9.49,28.864,273.91936000000004,sell,True,153078925,153078951
TRUMP/USDT,43954806,1753845900159,2025-07-30 03:25:00.159000,9.49,18.3,173.667,sell,True,153078952,153078952
TRUMP/USDT,43954807,1753845900172,2025-07-30 03:25:00.172000,9.49,2.313,21.950370000000003,sell,True,153078953,153078953
TRUMP/USDT,43954808,1753845900193,2025-07-30 03:25:00.193000,9.49,2.215,21.02035,sell,True,153078954,153078954
TRUMP/USDT,43954809,1753845900205,2025-07-30 03:25:00.205000,9.49,8.03,76.2047,sell,True,153078955,153078955
TRUMP/USDT,43954810,1753845900232,2025-07-30 03:25:00.232000,9.49,2.435,23.108150000000002,sell,True,153078956,153078956
TRUMP/USDT,43954811,1753845900245,2025-07-30 03:25:00.245000,9.49,1.319,12.51731,sell,True,153078957,153078957
TRUMP/USDT,43954812,1753845900257,2025-07-30 03:25:00.257000,9.49,2.388,22.662119999999998,sell,True,153078958,153078958
TRUMP/USDT,43954813,1753845900282,2025-07-30 03:25:00.282000,9.49,7.122,67.58778,sell,True,153078959,153078959
TRUMP/USDT,43954814,1753845900301,2025-07-30 03:25:00.301000,9.49,1.148,10.89452,sell,True,153078960,153078960
TRUMP/USDT,43954815,1753845900338,2025-07-30 03:25:00.338000,9.49,4.775,45.314750000000004,sell,True,153078961,153078961
TRUMP/USDT,43954816,1753845942516,2025-07-30 03:25:42.516000,9.49,34.128,323.87472,sell,True,153078962,153078962
TRUMP/USDT,43954817,1753845993612,2025-07-30 03:26:33.612000,9.49,220.271,2090.37179,sell,True,153078963,153078987
TRUMP/USDT,43954818,1753845993629,2025-07-30 03:26:33.629000,9.49,0.111,1.05339,sell,True,153078988,153078988
TRUMP/USDT,43954819,1753845998182,2025-07-30 03:26:38.182000,9.49,17.989,170.71561,buy,False,153078989,153078989
TRUMP/USDT,43954820,1753845999259,2025-07-30 03:26:39.259000,9.48,6.405,60.71940000000001,sell,True,153078990,153078990
TRUMP/USDT,43954821,1753845999410,2025-07-30 03:26:39.410000,9.48,0.899,8.52252,sell,True,153078991,153078991
TRUMP/USDT,43954822,1753846019154,2025-07-30 03:26:59.154000,9.49,3.164,30.02636,buy,False,153078992,153079004
TRUMP/USDT,43954823,1753846028273,2025-07-30 03:27:08.273000,9.48,75.0,711.0,sell,True,153079005,153079005
TRUMP/USDT,43954824,1753846047618,2025-07-30 03:27:27.618000,9.48,1287.123,12201.92604,sell,True,153079006,153079006
TRUMP/USDT,43954825,1753846053373,2025-07-30 03:27:33.373000,9.49,82.13,779.4137,buy,False,153079007,153079013
TRUMP/USDT,43954826,1753846053373,2025-07-30 03:27:33.373000,9.49,153.84,1459.9416,buy,False,153079014,153079017
TRUMP/USDT,43954827,1753846057028,2025-07-30 03:27:37.028000,9.49,19.532,185.35868,buy,False,153079018,153079018
TRUMP/USDT,43954828,1753846057029,2025-07-30 03:27:37.029000,9.49,31.967,303.36683,buy,False,153079019,153079019
TRUMP/USDT,43954829,1753846057034,2025-07-30 03:27:37.034000,9.49,10.261,97.37688999999999,buy,False,153079020,153079020
TRUMP/USDT,43954830,1753846057703,2025-07-30 03:27:37.703000,9.49,5.41,51.340900000000005,buy,False,153079021,153079021
TRUMP/USDT,43954835,1753846057704,2025-07-30 03:27:37.704000,9.49,39.595,375.75655,buy,False,153079053,153079053
TRUMP/USDT,43954834,1753846057704,2025-07-30 03:27:37.704000,9.49,15.771,149.66679000000002,buy,False,153079052,153079052
TRUMP/USDT,43954831,1753846057704,2025-07-30 03:27:37.704000,9.49,126.06,1196.3094,buy,False,153079022,153079022
TRUMP/USDT,43954832,1753846057704,2025-07-30 03:27:37.704000,9.49,124.133,1178.02217,buy,False,153079023,153079050
TRUMP/USDT,43954833,1753846057704,2025-07-30 03:27:37.704000,9.49,6.98,66.2402,buy,False,153079051,153079051
TRUMP/USDT,43954836,1753846057706,2025-07-30 03:27:37.706000,9.49,7.028,66.69572,buy,False,153079054,153079054
TRUMP/USDT,43954837,1753846057707,2025-07-30 03:27:37.707000,9.49,106.482,1010.51418,buy,False,153079055,153079058
TRUMP/USDT,43954838,1753846066907,2025-07-30 03:27:46.907000,9.49,9.6,91.104,sell,True,153079059,153079059
TRUMP/USDT,43954839,1753846072029,2025-07-30 03:27:52.029000,9.49,9.6,91.104,sell,True,153079060,153079060
TRUMP/USDT,43954840,1753846077465,2025-07-30 03:27:57.465000,9.49,9.6,91.104,sell,True,153079061,153079061
TRUMP/USDT,43954841,1753846079781,2025-07-30 03:27:59.781000,9.49,9.6,91.104,sell,True,153079062,153079062
TRUMP/USDT,43954842,1753846081701,2025-07-30 03:28:01.701000,9.49,132.61,1258.4689,sell,True,153079063,153079069
TRUMP/USDT,43954843,1753846081731,2025-07-30 03:28:01.731000,9.49,26.545,251.91205000000002,sell,True,153079070,153079084
TRUMP/USDT,43954844,1753846081744,2025-07-30 03:28:01.744000,9.49,2.528,23.99072,sell,True,153079085,153079085
TRUMP/USDT,43954845,1753846081755,2025-07-30 03:28:01.755000,9.49,1.329,12.61221,sell,True,153079086,153079086
TRUMP/USDT,43954846,1753846081780,2025-07-30 03:28:01.780000,9.49,1.503,14.26347,sell,True,153079087,153079087
TRUMP/USDT,43954847,1753846091914,2025-07-30 03:28:11.914000,9.49,9.6,91.104,sell,True,153079088,153079088
TRUMP/USDT,43954848,1753846094936,2025-07-30 03:28:14.936000,9.49,187.994,1784.06306,sell,True,153079089,153079089
TRUMP/USDT,43954849,1753846094938,2025-07-30 03:28:14.938000,9.49,206.792,1962.4560800000002,sell,True,153079090,153079117
TRUMP/USDT,43954850,1753846094939,2025-07-30 03:28:14.939000,9.49,88.998,844.5910200000001,sell,True,153079118,153079120
TRUMP/USDT,43954851,1753846094941,2025-07-30 03:28:14.941000,9.49,0.932,8.84468,sell,True,153079121,153079126
TRUMP/USDT,43954852,1753846098797,2025-07-30 03:28:18.797000,9.48,9.6,91.008,sell,True,153079127,153079127
TRUMP/USDT,43954853,1753846106718,2025-07-30 03:28:26.718000,9.49,26.312,249.70088,buy,False,153079128,153079143
TRUMP/USDT,43954854,1753846116416,2025-07-30 03:28:36.416000,9.49,244.273,2318.15077,buy,False,153079144,153079144
TRUMP/USDT,43954855,1753846116418,2025-07-30 03:28:36.418000,9.49,25.221,239.34729000000002,buy,False,153079145,153079145
TRUMP/USDT,43954856,1753846116419,2025-07-30 03:28:36.419000,9.49,55.977,531.22173,buy,False,153079146,153079147
TRUMP/USDT,43954857,1753846116419,2025-07-30 03:28:36.419000,9.49,48.505,460.31245,buy,False,153079148,153079148
TRUMP/USDT,43954858,1753846116513,2025-07-30 03:28:36.513000,9.49,399.391,3790.2205900000004,buy,False,153079149,153079175
TRUMP/USDT,43954859,1753846116513,2025-07-30 03:28:36.513000,9.49,0.111,1.05339,buy,False,153079176,153079176
TRUMP/USDT,43954860,1753846134468,2025-07-30 03:28:54.468000,9.49,2.0,18.98,sell,True,153079177,153079177
TRUMP/USDT,43954861,1753846179033,2025-07-30 03:29:39.033000,9.49,11.647,110.53003000000001,sell,True,153079178,153079178
TRUMP/USDT,43954862,1753846189722,2025-07-30 03:29:49.722000,9.49,4.406,41.81294,sell,True,153079179,153079179
TRUMP/USDT,43954863,1753846191518,2025-07-30 03:29:51.518000,9.49,17.561,166.65389,sell,True,153079180,153079180
TRUMP/USDT,43954864,1753846192467,2025-07-30 03:29:52.467000,9.49,1.377,13.067730000000001,sell,True,153079181,153079181
TRUMP/USDT,43954865,1753846204803,2025-07-30 03:30:04.803000,9.5,13.267,126.03649999999999,buy,False,153079182,153079208
TRUMP/USDT,43954866,1753846224779,2025-07-30 03:30:24.779000,9.5,9.13,86.73500000000001,buy,False,153079209,153079209
TRUMP/USDT,43954867,1753846228488,2025-07-30 03:30:28.488000,9.49,0.925,8.77825,sell,True,153079210,153079210
TRUMP/USDT,43954868,1753846232467,2025-07-30 03:30:32.467000,9.49,0.785,7.44965,sell,True,153079211,153079211
TRUMP/USDT,43954869,1753846244970,2025-07-30 03:30:44.970000,9.49,0.994,9.43306,sell,True,153079212,153079212
TRUMP/USDT,43954870,1753846249530,2025-07-30 03:30:49.530000,9.49,2.821,26.771290000000004,sell,True,153079213,153079213
TRUMP/USDT,43954871,1753846254881,2025-07-30 03:30:54.881000,9.49,51.293,486.77057,sell,True,153079214,153079214
TRUMP/USDT,43954872,1753846272822,2025-07-30 03:31:12.822000,9.5,9.13,86.73500000000001,buy,False,153079215,153079215
TRUMP/USDT,43954873,1753846272825,2025-07-30 03:31:12.825000,9.5,716.583,6807.5385,buy,False,153079216,153079251
TRUMP/USDT,43954874,1753846272828,2025-07-30 03:31:12.828000,9.5,1.273,12.093499999999999,buy,False,153079252,153079260
TRUMP/USDT,43954875,1753846272854,2025-07-30 03:31:12.854000,9.51,9.13,86.8263,buy,False,153079261,153079261
TRUMP/USDT,43954876,1753846279312,2025-07-30 03:31:19.312000,9.5,124.6,1183.7,sell,True,153079262,153079262
TRUMP/USDT,43954877,1753846279690,2025-07-30 03:31:19.690000,9.5,30.568,290.396,sell,True,153079263,153079280
TRUMP/USDT,43954878,1753846279731,2025-07-30 03:31:19.731000,9.5,4.398,41.781,sell,True,153079281,153079281
TRUMP/USDT,43954879,1753846279745,2025-07-30 03:31:19.745000,9.5,1.918,18.221,sell,True,153079282,153079282
TRUMP/USDT,43954880,1753846279786,2025-07-30 03:31:19.786000,9.5,4.281,40.6695,sell,True,153079283,153079283
TRUMP/USDT,43954881,1753846279823,2025-07-30 03:31:19.823000,9.5,3.891,36.9645,sell,True,153079284,153079284
TRUMP/USDT,43954882,1753846279835,2025-07-30 03:31:19.835000,9.5,1.31,12.445,sell,True,153079285,153079285
TRUMP/USDT,43954883,1753846279845,2025-07-30 03:31:19.845000,9.5,1.066,10.127,sell,True,153079286,153079286
TRUMP/USDT,43954884,1753846279857,2025-07-30 03:31:19.857000,9.5,0.577,5.4815,sell,True,153079287,153079287
TRUMP/USDT,43954885,1753846279886,2025-07-30 03:31:19.886000,9.5,196.63,1867.985,sell,True,153079288,153079288
TRUMP/USDT,43954886,1753846279891,2025-07-30 03:31:19.891000,9.5,3.456,32.832,sell,True,153079289,153079289
TRUMP/USDT,43954887,1753846279937,2025-07-30 03:31:19.937000,9.5,6.782,64.429,sell,True,153079290,153079290
TRUMP/USDT,43954888,1753846279944,2025-07-30 03:31:19.944000,9.5,59.731,567.4445000000001,sell,True,153079291,153079301
TRUMP/USDT,43954889,1753846293606,2025-07-30 03:31:33.606000,9.5,10.526,99.997,buy,False,153079302,153079302
TRUMP/USDT,43954890,1753846305617,2025-07-30 03:31:45.617000,9.5,176.472,1676.4840000000002,buy,False,153079303,153079316
TRUMP/USDT,43954891,1753846305618,2025-07-30 03:31:45.618000,9.5,156.137,1483.3015,buy,False,153079317,153079329
TRUMP/USDT,43954892,1753846311121,2025-07-30 03:31:51.121000,9.5,26.354,250.363,sell,True,153079330,153079343
TRUMP/USDT,43954893,1753846318503,2025-07-30 03:31:58.503000,9.5,240.525,2284.9875,sell,True,153079344,153079344
TRUMP/USDT,43954894,1753846318509,2025-07-30 03:31:58.509000,9.5,45.057,428.04150000000004,sell,True,153079345,153079354
TRUMP/USDT,43954895,1753846318512,2025-07-30 03:31:58.512000,9.5,0.111,1.0545,sell,True,153079355,153079355
TRUMP/USDT,43954896,1753846328958,2025-07-30 03:32:08.958000,9.5,52.631,499.9945,buy,False,153079356,153079369
TRUMP/USDT,43954897,1753846330532,2025-07-30 03:32:10.532000,9.5,6.16,58.52,buy,False,153079370,153079370
TRUMP/USDT,43954898,1753846338224,2025-07-30 03:32:18.224000,9.5,526.315,4999.9925,buy,False,153079371,153079397
TRUMP/USDT,43954899,1753846338498,2025-07-30 03:32:18.498000,9.49,9.701,92.06249000000001,sell,True,153079398,153079398
TRUMP/USDT,43954900,1753846338534,2025-07-30 03:32:18.534000,9.5,6.16,58.52,buy,False,153079399,153079399
TRUMP/USDT,43954901,1753846342527,2025-07-30 03:32:22.527000,9.5,271.296,2577.312,buy,False,153079400,153079408
TRUMP/USDT,43954902,1753846342528,2025-07-30 03:32:22.528000,9.5,50.624,480.928,buy,False,153079409,153079415
TRUMP/USDT,43954903,1753846342528,2025-07-30 03:32:22.528000,9.5,0.427,4.0565,buy,False,153079416,153079418
TRUMP/USDT,43954904,1753846344378,2025-07-30 03:32:24.378000,9.5,9.5,90.25,sell,True,153079419,153079419
TRUMP/USDT,43954905,1753846347203,2025-07-30 03:32:27.203000,9.5,9.5,90.25,sell,True,153079420,153079420
TRUMP/USDT,43954906,1753846353450,2025-07-30 03:32:33.450000,9.5,9.5,90.25,sell,True,153079421,153079421
TRUMP/USDT,43954907,1753846361480,2025-07-30 03:32:41.480000,9.5,13.879,131.85049999999998,sell,True,153079422,153079422
TRUMP/USDT,43954908,1753846364912,2025-07-30 03:32:44.912000,9.51,100.0,951.0,buy,False,153079423,153079423
TRUMP/USDT,43954909,1753846369787,2025-07-30 03:32:49.787000,9.5,9.5,90.25,sell,True,153079424,153079424
TRUMP/USDT,43954910,1753846377103,2025-07-30 03:32:57.103000,9.5,15.0,142.5,sell,True,153079425,153079436
TRUMP/USDT,43954911,1753846379389,2025-07-30 03:32:59.389000,9.51,0.669,6.36219,buy,False,153079437,153079437
TRUMP/USDT,43954912,1753846383059,2025-07-30 03:33:03.059000,9.51,1.051,9.995009999999999,buy,False,153079438,153079438
TRUMP/USDT,43954913,1753846410841,2025-07-30 03:33:30.841000,9.51,1.84,17.4984,buy,False,153079439,153079439
TRUMP/USDT,43954914,1753846411014,2025-07-30 03:33:31.014000,9.51,34.328,326.45928000000004,buy,False,153079440,153079440
TRUMP/USDT,43954915,1753846425787,2025-07-30 03:33:45.787000,9.5,316.583,3007.5385,sell,True,153079441,153079463
TRUMP/USDT,43954916,1753846425854,2025-07-30 03:33:45.854000,9.49,9.02,85.5998,sell,True,153079464,153079464
TRUMP/USDT,43954917,1753846437211,2025-07-30 03:33:57.211000,9.5,0.773,7.343500000000001,buy,False,153079465,153079465
TRUMP/USDT,43954918,1753846439322,2025-07-30 03:33:59.322000,9.49,0.672,6.377280000000001,sell,True,153079466,153079466
TRUMP/USDT,43954919,1753846443090,2025-07-30 03:34:03.090000,9.5,6.0,57.0,buy,False,153079467,153079467
TRUMP/USDT,43954920,1753846454245,2025-07-30 03:34:14.245000,9.49,0.9,8.541,sell,True,153079468,153079468
TRUMP/USDT,43954921,1753846458487,2025-07-30 03:34:18.487000,9.5,6.16,58.52,buy,False,153079469,153079469
TRUMP/USDT,43954922,1753846477716,2025-07-30 03:34:37.716000,9.5,1.0,9.5,buy,False,153079470,153079470
TRUMP/USDT,43954923,1753846488057,2025-07-30 03:34:48.057000,9.5,6.16,58.52,buy,False,153079471,153079471
TRUMP/USDT,43954924,1753846495004,2025-07-30 03:34:55.004000,9.5,6.16,58.52,buy,False,153079472,153079472
TRUMP/USDT,43954925,1753846501296,2025-07-30 03:35:01.296000,9.5,6.16,58.52,buy,False,153079473,153079473
TRUMP/USDT,43954926,1753846507801,2025-07-30 03:35:07.801000,9.5,6.16,58.52,buy,False,153079474,153079474
TRUMP/USDT,43954927,1753846510701,2025-07-30 03:35:10.701000,9.5,138.888,1319.4360000000001,buy,False,153079475,153079475
TRUMP/USDT,43954928,1753846511316,2025-07-30 03:35:11.316000,9.5,58.795,558.5525,buy,False,153079476,153079493
TRUMP/USDT,43954929,1753846511317,2025-07-30 03:35:11.317000,9.5,33.857,321.6415,buy,False,153079494,153079494
TRUMP/USDT,43954930,1753846528972,2025-07-30 03:35:28.972000,9.49,9.5,90.155,sell,True,153079495,153079495
TRUMP/USDT,43954931,1753846531695,2025-07-30 03:35:31.695000,9.49,9.5,90.155,sell,True,153079496,153079496
TRUMP/USDT,43954932,1753846542985,2025-07-30 03:35:42.985000,9.5,6.16,58.52,buy,False,153079497,153079497
TRUMP/USDT,43954933,1753846551747,2025-07-30 03:35:51.747000,9.49,0.28,2.6572000000000005,sell,True,153079498,153079498
TRUMP/USDT,43954934,1753846552611,2025-07-30 03:35:52.611000,9.49,4.408,41.831920000000004,sell,True,153079499,153079499
TRUMP/USDT,43954935,1753846552759,2025-07-30 03:35:52.759000,9.49,0.5,4.745,sell,True,153079500,153079500
TRUMP/USDT,43954936,1753846561947,2025-07-30 03:36:01.947000,9.5,266.195,2528.8525,buy,False,153079501,153079529
TRUMP/USDT,43954937,1753846561951,2025-07-30 03:36:01.951000,9.5,1.431,13.5945,buy,False,153079530,153079539
TRUMP/USDT,43954938,1753846562065,2025-07-30 03:36:02.065000,9.51,9.13,86.8263,buy,False,153079540,153079540
TRUMP/USDT,43954939,1753846580562,2025-07-30 03:36:20.562000,9.5,0.739,7.0205,sell,True,153079541,153079541
TRUMP/USDT,43954940,1753846583703,2025-07-30 03:36:23.703000,9.51,2.628,24.99228,buy,False,153079542,153079542
TRUMP/USDT,43954941,1753846605333,2025-07-30 03:36:45.333000,9.5,9.5,90.25,sell,True,153079543,153079543
TRUMP/USDT,43954942,1753846612766,2025-07-30 03:36:52.766000,9.51,52.576,499.99775999999997,buy,False,153079544,153079544
TRUMP/USDT,43954943,1753846614353,2025-07-30 03:36:54.353000,9.5,171.107,1625.5165,sell,True,153079545,153079545
TRUMP/USDT,43954944,1753846618731,2025-07-30 03:36:58.731000,9.51,2100.698,19977.63798,buy,False,153079546,153079584
TRUMP/USDT,43954945,1753846624756,2025-07-30 03:37:04.756000,9.5,9.5,90.25,sell,True,153079585,153079585
TRUMP/USDT,43954946,1753846628713,2025-07-30 03:37:08.713000,9.5,9.5,90.25,sell,True,153079586,153079586
TRUMP/USDT,43954947,1753846630536,2025-07-30 03:37:10.536000,9.5,6.16,58.52,sell,True,153079587,153079587
TRUMP/USDT,43954948,1753846635427,2025-07-30 03:37:15.427000,9.5,232.822,2211.809,sell,True,153079588,153079588
TRUMP/USDT,43954949,1753846635430,2025-07-30 03:37:15.430000,9.5,766.482,7281.579,sell,True,153079589,153079621
TRUMP/USDT,43954950,1753846636080,2025-07-30 03:37:16.080000,9.5,10.547,100.1965,buy,False,153079622,153079622
TRUMP/USDT,43954951,1753846654545,2025-07-30 03:37:34.545000,9.5,145.339,1380.7205,buy,False,153079623,153079639
TRUMP/USDT,43954952,1753846654774,2025-07-30 03:37:34.774000,9.5,9.13,86.73500000000001,buy,False,153079640,153079640
TRUMP/USDT,43954953,1753846654795,2025-07-30 03:37:34.795000,9.5,9.13,86.73500000000001,buy,False,153079641,153079641
TRUMP/USDT,43954954,1753846654810,2025-07-30 03:37:34.810000,9.5,9.13,86.73500000000001,buy,False,153079642,153079642
TRUMP/USDT,43954955,1753846663463,2025-07-30 03:37:43.463000,9.5,94.52,897.9399999999999,buy,False,153079643,153079643
TRUMP/USDT,43954956,1753846663464,2025-07-30 03:37:43.464000,9.5,36.146,343.387,buy,False,153079644,153079644
TRUMP/USDT,43954957,1753846663544,2025-07-30 03:37:43.544000,9.5,50.783,482.43850000000003,buy,False,153079645,153079666
TRUMP/USDT,43954958,1753846702888,2025-07-30 03:38:22.888000,9.51,5.251,49.93701,buy,False,153079667,153079667
TRUMP/USDT,43954959,1753846720470,2025-07-30 03:38:40.470000,9.51,0.249,2.36799,buy,False,153079668,153079668
TRUMP/USDT,43954960,1753846720470,2025-07-30 03:38:40.470000,9.5,0.193,1.8335000000000001,sell,True,153079669,153079669
TRUMP/USDT,43954961,1753846744447,2025-07-30 03:39:04.447000,9.51,5.257,49.994069999999994,buy,False,153079670,153079670
TRUMP/USDT,43954962,1753846760568,2025-07-30 03:39:20.568000,9.5,2.97,28.215000000000003,sell,True,153079671,153079671
TRUMP/USDT,43954963,1753846765466,2025-07-30 03:39:25.466000,9.51,50.0,475.5,buy,False,153079672,153079674
TRUMP/USDT,43954964,1753846774303,2025-07-30 03:39:34.303000,9.5,4.519,42.9305,sell,True,153079675,153079675
TRUMP/USDT,43954965,1753846783427,2025-07-30 03:39:43.427000,9.5,28.679,272.4505,sell,True,153079676,153079676
TRUMP/USDT,43954966,1753846791938,2025-07-30 03:39:51.938000,9.5,3.285,31.207500000000003,sell,True,153079677,153079677
TRUMP/USDT,43954967,1753846798817,2025-07-30 03:39:58.817000,9.51,147.213,1399.99563,buy,False,153079678,153079678
TRUMP/USDT,43954968,1753846826363,2025-07-30 03:40:26.363000,9.51,1626.996,15472.731960000001,buy,False,153079679,153079712
TRUMP/USDT,43954969,1753846826365,2025-07-30 03:40:26.365000,9.51,0.316,3.00516,buy,False,153079713,153079714
TRUMP/USDT,43954970,1753846844892,2025-07-30 03:40:44.892000,9.51,0.885,8.41635,sell,True,153079715,153079715
TRUMP/USDT,43954971,1753846866998,2025-07-30 03:41:06.998000,9.51,9.5,90.345,sell,True,153079716,153079716
TRUMP/USDT,43954972,1753846876115,2025-07-30 03:41:16.115000,9.52,12.36,117.6672,buy,False,153079717,153079717
TRUMP/USDT,43954973,1753846893008,2025-07-30 03:41:33.008000,9.52,12.294,117.03888,buy,False,153079718,153079718
TRUMP/USDT,43954974,1753846923672,2025-07-30 03:42:03.672000,9.52,0.668,6.35936,buy,False,153079719,153079719
TRUMP/USDT,43954975,1753846925589,2025-07-30 03:42:05.589000,9.52,1.116,10.62432,buy,False,153079720,153079720
TRUMP/USDT,43954976,1753846945114,2025-07-30 03:42:25.114000,9.52,1.51,14.3752,buy,False,153079721,153079721
TRUMP/USDT,43954977,1753846945576,2025-07-30 03:42:25.576000,9.52,1.059,10.081679999999999,buy,False,153079722,153079722
TRUMP/USDT,43954978,1753846946752,2025-07-30 03:42:26.752000,9.52,0.847,8.06344,buy,False,153079723,153079723
TRUMP/USDT,43954979,1753846975307,2025-07-30 03:42:55.307000,9.52,3.991,37.99432,buy,False,153079724,153079724
TRUMP/USDT,43954980,1753846990725,2025-07-30 03:43:10.725000,9.52,22.716,216.25632,buy,False,153079725,153079725
TRUMP/USDT,43954981,1753847007946,2025-07-30 03:43:27.946000,9.52,3.151,29.997519999999998,buy,False,153079726,153079726
TRUMP/USDT,43954982,1753847018559,2025-07-30 03:43:38.559000,9.52,735.294,6999.998879999999,buy,False,153079727,153079752
TRUMP/USDT,43954983,1753847064848,2025-07-30 03:44:24.848000,9.52,47.304,450.33408,buy,False,153079753,153079753
TRUMP/USDT,43954984,1753847065665,2025-07-30 03:44:25.665000,9.52,31.512,299.99424,buy,False,153079754,153079754
TRUMP/USDT,43954985,1753847069194,2025-07-30 03:44:29.194000,9.51,0.324,3.08124,sell,True,153079755,153079755
TRUMP/USDT,43954986,1753847077501,2025-07-30 03:44:37.501000,9.52,12.127,115.44904,buy,False,153079756,153079756
TRUMP/USDT,43954987,1753847080370,2025-07-30 03:44:40.370000,9.52,0.447,4.25544,buy,False,153079757,153079757
TRUMP/USDT,43954988,1753847086946,2025-07-30 03:44:46.946000,9.52,10.504,99.99807999999999,buy,False,153079758,153079758
TRUMP/USDT,43954989,1753847092110,2025-07-30 03:44:52.110000,9.52,31.512,299.99424,buy,False,153079759,153079759
TRUMP/USDT,43954990,1753847099391,2025-07-30 03:44:59.391000,9.52,0.669,6.36888,buy,False,153079760,153079760
TRUMP/USDT,43954991,1753847116020,2025-07-30 03:45:16.020000,9.51,48.504,461.27304,sell,True,153079761,153079761
TRUMP/USDT,43954992,1753847132718,2025-07-30 03:45:32.718000,9.52,0.302,2.87504,buy,False,153079762,153079762
TRUMP/USDT,43954993,1753847136557,2025-07-30 03:45:36.557000,9.52,0.223,2.12296,buy,False,153079763,153079763
TRUMP/USDT,43954994,1753847137914,2025-07-30 03:45:37.914000,9.52,5.998,57.10096,buy,False,153079764,153079764
TRUMP/USDT,43954995,1753847171914,2025-07-30 03:46:11.914000,9.51,0.216,2.05416,sell,True,153079765,153079765
TRUMP/USDT,43954996,1753847176089,2025-07-30 03:46:16.089000,9.51,8.327,79.18977,sell,True,153079766,153079766
TRUMP/USDT,43954997,1753847185621,2025-07-30 03:46:25.621000,9.51,85.046,808.78746,sell,True,153079767,153079768
TRUMP/USDT,43954998,1753847194187,2025-07-30 03:46:34.187000,9.51,16.905,160.76655,sell,True,153079769,153079769
TRUMP/USDT,43954999,1753847200570,2025-07-30 03:46:40.570000,9.51,0.379,3.6042899999999998,sell,True,153079770,153079770
TRUMP/USDT,43955000,1753847208688,2025-07-30 03:46:48.688000,9.51,2.157,20.51307,sell,True,153079771,153079771
TRUMP/USDT,43955001,1753847215562,2025-07-30 03:46:55.562000,9.52,0.394,3.75088,buy,False,153079772,153079772
TRUMP/USDT,43955002,1753847219306,2025-07-30 03:46:59.306000,9.51,0.671,6.38121,sell,True,153079773,153079773
TRUMP/USDT,43955003,1753847219354,2025-07-30 03:46:59.354000,9.51,271.687,2583.74337,sell,True,153079774,153079776
TRUMP/USDT,43955004,1753847219642,2025-07-30 03:46:59.642000,9.51,78.363,745.23213,sell,True,153079777,153079777
TRUMP/USDT,43955005,1753847219700,2025-07-30 03:46:59.700000,9.51,1092.46,10389.2946,sell,True,153079778,153079807
TRUMP/USDT,43955006,1753847219701,2025-07-30 03:46:59.701000,9.51,15.542,147.80442,sell,True,153079808,153079814
TRUMP/USDT,43955007,1753847236459,2025-07-30 03:47:16.459000,9.51,31.959,303.93009,buy,False,153079815,153079815
TRUMP/USDT,43955008,1753847239806,2025-07-30 03:47:19.806000,9.5,18.3,173.85,sell,True,153079816,153079816
TRUMP/USDT,43955009,1753847242218,2025-07-30 03:47:22.218000,9.51,1.177,11.19327,buy,False,153079817,153079817
TRUMP/USDT,43955010,1753847269329,2025-07-30 03:47:49.329000,9.5,317.451,3015.7845,sell,True,153079818,153079820
TRUMP/USDT,43955011,1753847272293,2025-07-30 03:47:52.293000,9.5,6.16,58.52,sell,True,153079821,153079821
TRUMP/USDT,43955012,1753847274436,2025-07-30 03:47:54.436000,9.5,6.16,58.52,sell,True,153079822,153079822
TRUMP/USDT,43955013,1753847275872,2025-07-30 03:47:55.872000,9.5,9.6,91.2,sell,True,153079823,153079823
TRUMP/USDT,43955014,1753847276092,2025-07-30 03:47:56.092000,9.5,39.037,370.8515,sell,True,153079824,153079824
TRUMP/USDT,43955015,1753847276986,2025-07-30 03:47:56.986000,9.5,4352.433,41348.1135,sell,True,153079825,153079862
TRUMP/USDT,43955016,1753847276988,2025-07-30 03:47:56.988000,9.5,0.649,6.1655,sell,True,153079863,153079867
TRUMP/USDT,43955017,1753847276990,2025-07-30 03:47:56.990000,9.49,68.54,650.4446,sell,True,153079868,153079868
TRUMP/USDT,43955018,1753847277055,2025-07-30 03:47:57.055000,9.49,9.13,86.64370000000001,sell,True,153079869,153079869
TRUMP/USDT,43955019,1753847280242,2025-07-30 03:48:00.242000,9.5,122.29,1161.755,buy,False,153079870,153079870
TRUMP/USDT,43955020,1753847280446,2025-07-30 03:48:00.446000,9.5,226.264,2149.5080000000003,buy,False,153079871,153079873
TRUMP/USDT,43955021,1753847280446,2025-07-30 03:48:00.446000,9.5,46.513,441.8735,buy,False,153079874,153079875
TRUMP/USDT,43955022,1753847280450,2025-07-30 03:48:00.450000,9.5,819.249,7782.8655,buy,False,153079876,153079902
TRUMP/USDT,43955023,1753847305970,2025-07-30 03:48:25.970000,9.5,1.0,9.5,sell,True,153079903,153079903
TRUMP/USDT,43955024,1753847306153,2025-07-30 03:48:26.153000,9.5,0.174,1.6529999999999998,sell,True,153079904,153079904
TRUMP/USDT,43955025,1753847308002,2025-07-30 03:48:28.002000,9.5,9.5,90.25,sell,True,153079905,153079905
TRUMP/USDT,43955026,1753847311067,2025-07-30 03:48:31.067000,9.5,9.5,90.25,sell,True,153079906,153079906
TRUMP/USDT,43955027,1753847315584,2025-07-30 03:48:35.584000,9.5,1.0,9.5,sell,True,153079907,153079907
TRUMP/USDT,43955028,1753847372455,2025-07-30 03:49:32.455000,9.51,23.558,224.03658,buy,False,153079908,153079927
TRUMP/USDT,43955029,1753847372455,2025-07-30 03:49:32.455000,9.51,203.557,1935.8270699999998,buy,False,153079928,153079928
TRUMP/USDT,43955030,1753847372456,2025-07-30 03:49:32.456000,9.51,67.967,646.36617,buy,False,153079929,153079929
TRUMP/USDT,43955031,1753847372456,2025-07-30 03:49:32.456000,9.51,34.485,327.95234999999997,buy,False,153079930,153079931
TRUMP/USDT,43955032,1753847372458,2025-07-30 03:49:32.458000,9.51,109.841,1044.58791,buy,False,153079932,153079940
TRUMP/USDT,43955033,1753847372900,2025-07-30 03:49:32.900000,9.51,1.0,9.51,sell,True,153079941,153079941
TRUMP/USDT,43955034,1753847375718,2025-07-30 03:49:35.718000,9.51,29.345,279.07095,sell,True,153079942,153079942
TRUMP/USDT,43955035,1753847375739,2025-07-30 03:49:35.739000,9.51,1.893,18.00243,sell,True,153079943,153079952
TRUMP/USDT,43955036,1753847375750,2025-07-30 03:49:35.750000,9.51,3.746,35.62446,sell,True,153079953,153079953
TRUMP/USDT,43955037,1753847375761,2025-07-30 03:49:35.761000,9.51,2.551,24.26001,sell,True,153079954,153079954
TRUMP/USDT,43955038,1753847375771,2025-07-30 03:49:35.771000,9.51,1.419,13.49469,sell,True,153079955,153079955
TRUMP/USDT,43955039,1753847375784,2025-07-30 03:49:35.784000,9.51,1.438,13.675379999999999,sell,True,153079956,153079956
TRUMP/USDT,43955040,1753847375841,2025-07-30 03:49:35.841000,9.51,3.542,33.684419999999996,sell,True,153079957,153079957
TRUMP/USDT,43955041,1753847375864,2025-07-30 03:49:35.864000,9.51,2.368,22.519679999999997,sell,True,153079958,153079958
TRUMP/USDT,43955042,1753847375929,2025-07-30 03:49:35.929000,9.51,6.744,64.13544,sell,True,153079959,153079959
TRUMP/USDT,43955043,1753847375990,2025-07-30 03:49:35.990000,9.51,3.919,37.26969,sell,True,153079960,153079960
TRUMP/USDT,43955044,1753847376018,2025-07-30 03:49:36.018000,9.51,4.006,38.09706,sell,True,153079961,153079961
TRUMP/USDT,43955045,1753847376044,2025-07-30 03:49:36.044000,9.51,2.756,26.209559999999996,sell,True,153079962,153079962
TRUMP/USDT,43955046,1753847376062,2025-07-30 03:49:36.062000,9.51,1.884,17.916839999999997,sell,True,153079963,153079963
TRUMP/USDT,43955047,1753847376077,2025-07-30 03:49:36.077000,9.51,1.559,14.826089999999999,sell,True,153079964,153079964
TRUMP/USDT,43955048,1753847376945,2025-07-30 03:49:36.945000,9.51,26.969,256.47519,sell,True,153079965,153079965
TRUMP/USDT,43955049,1753847377045,2025-07-30 03:49:37.045000,9.51,11.508,109.44107999999999,sell,True,153079966,153079966
TRUMP/USDT,43955050,1753847377055,2025-07-30 03:49:37.055000,9.51,1.053,10.01403,sell,True,153079967,153079967
TRUMP/USDT,43955051,1753847377113,2025-07-30 03:49:37.113000,9.51,8.049,76.54598999999999,sell,True,153079968,153079968
TRUMP/USDT,43955052,1753847377157,2025-07-30 03:49:37.157000,9.51,4.602,43.76502,sell,True,153079969,153079969
TRUMP/USDT,43955053,1753847377201,2025-07-30 03:49:37.201000,9.51,5.675,53.969249999999995,sell,True,153079970,153079970
TRUMP/USDT,43955054,1753847377245,2025-07-30 03:49:37.245000,9.51,4.576,43.517759999999996,sell,True,153079971,153079971
TRUMP/USDT,43955055,1753847377258,2025-07-30 03:49:37.258000,9.51,1.391,13.22841,sell,True,153079972,153079972
TRUMP/USDT,43955056,1753847377344,2025-07-30 03:49:37.344000,9.51,9.063,86.18913,sell,True,153079973,153079973
TRUMP/USDT,43955057,1753847377359,2025-07-30 03:49:37.359000,9.51,1.573,14.95923,sell,True,153079974,153079974
TRUMP/USDT,43955058,1753847377785,2025-07-30 03:49:37.785000,9.51,33.131,315.07581,sell,True,153079975,153079975
TRUMP/USDT,43955059,1753847377830,2025-07-30 03:49:37.830000,9.51,2.706,25.73406,sell,True,153079976,153079976
TRUMP/USDT,43955060,1753847377865,2025-07-30 03:49:37.865000,9.51,3.727,35.44377,sell,True,153079977,153079977
TRUMP/USDT,43955061,1753847377917,2025-07-30 03:49:37.917000,9.51,5.394,51.29694,sell,True,153079978,153079978
TRUMP/USDT,43955062,1753847378044,2025-07-30 03:49:38.044000,9.51,13.404,127.47203999999999,sell,True,153079979,153079979
TRUMP/USDT,43955063,1753847378058,2025-07-30 03:49:38.058000,9.51,1.998,19.00098,sell,True,153079980,153079980
TRUMP/USDT,43955064,1753847378169,2025-07-30 03:49:38.169000,9.51,11.647,110.76297,sell,True,153079981,153079981
TRUMP/USDT,43955065,1753847378215,2025-07-30 03:49:38.215000,9.51,4.825,45.88575,sell,True,153079982,153079982
TRUMP/USDT,43955066,1753847378270,2025-07-30 03:49:38.270000,9.51,5.826,55.40526,sell,True,153079983,153079983
TRUMP/USDT,43955067,1753847378371,2025-07-30 03:49:38.371000,9.51,10.656,101.33856,sell,True,153079984,153079984
TRUMP/USDT,43955068,1753847378844,2025-07-30 03:49:38.844000,9.51,28.406,270.14106,sell,True,153079985,153079985
TRUMP/USDT,43955069,1753847378878,2025-07-30 03:49:38.878000,9.51,3.51,33.3801,sell,True,153079986,153079986
TRUMP/USDT,43955070,1753847378897,2025-07-30 03:49:38.897000,9.51,2.1,19.971,sell,True,153079987,153079987
TRUMP/USDT,43955071,1753847378932,2025-07-30 03:49:38.932000,9.51,5.629,53.531789999999994,sell,True,153079988,153079988
TRUMP/USDT,43955072,1753847378944,2025-07-30 03:49:38.944000,9.51,1.333,12.676829999999999,sell,True,153079989,153079989
TRUMP/USDT,43955073,1753847378979,2025-07-30 03:49:38.979000,9.51,3.68,34.9968,sell,True,153079990,153079990
TRUMP/USDT,43955074,1753847379081,2025-07-30 03:49:39.081000,9.51,10.704,101.79504,sell,True,153079991,153079991
TRUMP/USDT,43955075,1753847379115,2025-07-30 03:49:39.115000,9.51,3.541,33.67491,sell,True,153079992,153079992
TRUMP/USDT,43955076,1753847379116,2025-07-30 03:49:39.116000,9.51,0.15,1.4264999999999999,sell,True,153079993,153079993
TRUMP/USDT,43955077,1753847379144,2025-07-30 03:49:39.144000,9.51,3.109,29.566589999999998,sell,True,153079994,153079994
TRUMP/USDT,43955078,1753847379182,2025-07-30 03:49:39.182000,9.51,3.968,37.73568,sell,True,153079995,153079995
TRUMP/USDT,43955079,1753847379344,2025-07-30 03:49:39.344000,9.51,39.91,379.54409999999996,sell,True,153079996,153080005
TRUMP/USDT,43955080,1753847397817,2025-07-30 03:49:57.817000,9.5,100.0,950.0,sell,True,153080006,153080013
TRUMP/USDT,43955081,1753847402415,2025-07-30 03:50:02.415000,9.5,20.0,190.0,sell,True,153080014,153080014
TRUMP/USDT,43955082,1753847412088,2025-07-30 03:50:12.088000,9.51,6.16,58.5816,buy,False,153080015,153080015
TRUMP/USDT,43955083,1753847415073,2025-07-30 03:50:15.073000,9.5,9.5,90.25,sell,True,153080016,153080016
TRUMP/USDT,43955084,1753847416053,2025-07-30 03:50:16.053000,9.51,313.471,2981.10921,buy,False,153080017,153080019
TRUMP/USDT,43955085,1753847416053,2025-07-30 03:50:16.053000,9.51,380.167,3615.3881699999997,buy,False,153080020,153080032
TRUMP/USDT,43955086,1753847416055,2025-07-30 03:50:16.055000,9.51,38.015,361.52265,buy,False,153080033,153080033
TRUMP/USDT,43955087,1753847416065,2025-07-30 03:50:16.065000,9.51,9.13,86.8263,buy,False,153080034,153080034
TRUMP/USDT,43955088,1753847416096,2025-07-30 03:50:16.096000,9.51,113.574,1080.08874,buy,False,153080035,153080050
TRUMP/USDT,43955089,1753847417988,2025-07-30 03:50:17.988000,9.51,0.626,5.95326,sell,True,153080051,153080051
TRUMP/USDT,43955090,1753847423127,2025-07-30 03:50:23.127000,9.51,9.5,90.345,sell,True,153080052,153080052
TRUMP/USDT,43955091,1753847445170,2025-07-30 03:50:45.170000,9.51,0.173,1.6452299999999997,sell,True,153080053,153080053
TRUMP/USDT,43955092,1753847445172,2025-07-30 03:50:45.172000,9.52,0.136,1.29472,buy,False,153080054,153080054
TRUMP/USDT,43955093,1753847464096,2025-07-30 03:51:04.096000,9.51,5.257,49.994069999999994,sell,True,153080055,153080055
TRUMP/USDT,43955094,1753847492674,2025-07-30 03:51:32.674000,9.51,416.683,3962.65533,sell,True,153080056,153080056
TRUMP/USDT,43955095,1753847537035,2025-07-30 03:52:17.035000,9.51,9.413,89.51763,sell,True,153080057,153080057
TRUMP/USDT,43955096,1753847545688,2025-07-30 03:52:25.688000,9.52,2.1,19.992,buy,False,153080058,153080072
TRUMP/USDT,43955097,1753847564595,2025-07-30 03:52:44.595000,9.52,46.529,442.95608,buy,False,153080073,153080080
TRUMP/USDT,43955098,1753847564595,2025-07-30 03:52:44.595000,9.52,184.804,1759.3340799999999,buy,False,153080081,153080081
TRUMP/USDT,43955099,1753847564595,2025-07-30 03:52:44.595000,9.52,115.712,1101.57824,buy,False,153080082,153080090
TRUMP/USDT,43955100,1753847564595,2025-07-30 03:52:44.595000,9.52,268.779,2558.7760799999996,buy,False,153080091,153080091
TRUMP/USDT,43955101,1753847564596,2025-07-30 03:52:44.596000,9.52,61.099,581.66248,buy,False,153080092,153080098
TRUMP/USDT,43955102,1753847564598,2025-07-30 03:52:44.598000,9.52,42.587,405.42824,buy,False,153080099,153080108
TRUMP/USDT,43955103,1753847567612,2025-07-30 03:52:47.612000,9.53,5.252,50.051559999999995,buy,False,153080109,153080109
TRUMP/USDT,43955104,1753847567937,2025-07-30 03:52:47.937000,9.52,28.238,268.82576,sell,True,153080110,153080129
TRUMP/USDT,43955105,1753847567946,2025-07-30 03:52:47.946000,9.52,2.936,27.950719999999997,sell,True,153080130,153080130
TRUMP/USDT,43955106,1753847567969,2025-07-30 03:52:47.969000,9.52,0.972,9.25344,sell,True,153080131,153080131
TRUMP/USDT,43955107,1753847567991,2025-07-30 03:52:47.991000,9.52,0.497,4.73144,sell,True,153080132,153080132
TRUMP/USDT,43955108,1753847568033,2025-07-30 03:52:48.033000,9.52,5.331,50.75112,sell,True,153080133,153080133
TRUMP/USDT,43955109,1753847568045,2025-07-30 03:52:48.045000,9.52,4.802,45.715039999999995,sell,True,153080134,153080134
TRUMP/USDT,43955110,1753847568056,2025-07-30 03:52:48.056000,9.52,2.256,21.477119999999996,sell,True,153080135,153080135
TRUMP/USDT,43955111,1753847568096,2025-07-30 03:52:48.096000,9.52,1.668,15.879359999999998,sell,True,153080136,153080136
TRUMP/USDT,43955112,1753847568109,2025-07-30 03:52:48.109000,9.52,5.963,56.767759999999996,sell,True,153080137,153080137
TRUMP/USDT,43955113,1753847568129,2025-07-30 03:52:48.129000,9.52,3.793,36.10936,sell,True,153080138,153080138
TRUMP/USDT,43955114,1753847568268,2025-07-30 03:52:48.268000,9.52,15.0,142.79999999999998,sell,True,153080139,153080139
TRUMP/USDT,43955115,1753847568386,2025-07-30 03:52:48.386000,9.52,122.29,1164.2008,sell,True,153080140,153080140
TRUMP/USDT,43955116,1753847568387,2025-07-30 03:52:48.387000,9.52,111.97,1065.9543999999999,sell,True,153080141,153080151
TRUMP/USDT,43955117,1753847571659,2025-07-30 03:52:51.659000,9.51,11.059,105.17108999999999,sell,True,153080152,153080152
TRUMP/USDT,43955118,1753847572114,2025-07-30 03:52:52.114000,9.52,342.291,3258.61032,buy,False,153080153,153080164
TRUMP/USDT,43955119,1753847572115,2025-07-30 03:52:52.115000,9.52,0.316,3.00832,buy,False,153080165,153080166
TRUMP/USDT,43955120,1753847572154,2025-07-30 03:52:52.154000,9.53,18.26,174.0178,buy,False,153080167,153080167
TRUMP/USDT,43955121,1753847578191,2025-07-30 03:52:58.191000,9.53,19.9,189.64699999999996,buy,False,153080168,153080168
TRUMP/USDT,43955122,1753847585257,2025-07-30 03:53:05.257000,9.53,67.502,643.29406,buy,False,153080169,153080169
TRUMP/USDT,43955123,1753847589344,2025-07-30 03:53:09.344000,9.53,1.364,12.99892,buy,False,153080170,153080170
TRUMP/USDT,43955124,1753847652852,2025-07-30 03:54:12.852000,9.52,9.5,90.44,sell,True,153080171,153080171
TRUMP/USDT,43955125,1753847657503,2025-07-30 03:54:17.503000,9.52,329.444,3136.30688,sell,True,153080172,153080193
TRUMP/USDT,43955126,1753847657505,2025-07-30 03:54:17.505000,9.52,0.632,6.01664,sell,True,153080194,153080197
TRUMP/USDT,43955127,1753847660451,2025-07-30 03:54:20.451000,9.52,330.289,3144.35128,buy,False,153080198,153080202
TRUMP/USDT,43955128,1753847680670,2025-07-30 03:54:40.670000,9.52,0.19,1.8088,buy,False,153080203,153080203
TRUMP/USDT,43955129,1753847711435,2025-07-30 03:55:11.435000,9.52,2.1,19.992,buy,False,153080204,153080204
TRUMP/USDT,43955130,1753847713889,2025-07-30 03:55:13.889000,9.52,37.558,357.55215999999996,buy,False,153080205,153080205
TRUMP/USDT,43955131,1753847720732,2025-07-30 03:55:20.732000,9.52,0.525,4.998,buy,False,153080206,153080206
TRUMP/USDT,43955132,1753847729585,2025-07-30 03:55:29.585000,9.51,0.651,6.19101,sell,True,153080207,153080207
TRUMP/USDT,43955133,1753847731152,2025-07-30 03:55:31.152000,9.51,3.495,33.23745,sell,True,153080208,153080208
TRUMP/USDT,43955134,1753847732327,2025-07-30 03:55:32.327000,9.52,8.966,85.35632,buy,False,153080209,153080209
TRUMP/USDT,43955135,1753847741349,2025-07-30 03:55:41.349000,9.52,43.119,410.49287999999996,buy,False,153080210,153080210
TRUMP/USDT,43955136,1753847767549,2025-07-30 03:56:07.549000,9.52,35.365,336.6748,buy,False,153080211,153080216
TRUMP/USDT,43955137,1753847781749,2025-07-30 03:56:21.749000,9.52,2.31,21.9912,buy,False,153080217,153080217
TRUMP/USDT,43955138,1753847786011,2025-07-30 03:56:26.011000,9.52,2.94,27.988799999999998,buy,False,153080218,153080220
TRUMP/USDT,43955139,1753847786400,2025-07-30 03:56:26.400000,9.51,3.498,33.26598,sell,True,153080221,153080221
TRUMP/USDT,43955140,1753847793071,2025-07-30 03:56:33.071000,9.52,4.077,38.81304,buy,False,153080222,153080225
TRUMP/USDT,43955141,1753847798667,2025-07-30 03:56:38.667000,9.51,5.452,51.84852,sell,True,153080226,153080226
TRUMP/USDT,43955142,1753847815738,2025-07-30 03:56:55.738000,9.52,264.0,2513.2799999999997,buy,False,153080227,153080227
TRUMP/USDT,43955143,1753847820984,2025-07-30 03:57:00.984000,9.51,15.0,142.65,sell,True,153080228,153080246
TRUMP/USDT,43955144,1753847821690,2025-07-30 03:57:01.690000,9.51,24.172,229.87572,sell,True,153080247,153080259
TRUMP/USDT,43955145,1753847842749,2025-07-30 03:57:22.749000,9.5,0.206,1.9569999999999999,sell,True,153080260,153080260
TRUMP/USDT,43955146,1753847863019,2025-07-30 03:57:43.019000,9.5,6.16,58.52,sell,True,153080261,153080277
TRUMP/USDT,43955147,1753847863033,2025-07-30 03:57:43.033000,9.5,0.11,1.045,sell,True,153080278,153080278
TRUMP/USDT,43955148,1753847868522,2025-07-30 03:57:48.522000,9.5,196.641,1868.0894999999998,sell,True,153080279,153080279
TRUMP/USDT,43955149,1753847868536,2025-07-30 03:57:48.536000,9.5,98.728,937.9159999999999,sell,True,153080280,153080280
TRUMP/USDT,43955150,1753847871865,2025-07-30 03:57:51.865000,9.5,9.13,86.73500000000001,sell,True,153080281,153080281
TRUMP/USDT,43955151,1753847871888,2025-07-30 03:57:51.888000,9.5,9.13,86.73500000000001,sell,True,153080282,153080282
TRUMP/USDT,43955152,1753847871908,2025-07-30 03:57:51.908000,9.5,9.13,86.73500000000001,sell,True,153080283,153080283
TRUMP/USDT,43955153,1753847871925,2025-07-30 03:57:51.925000,9.5,9.13,86.73500000000001,sell,True,153080284,153080284
TRUMP/USDT,43955154,1753847871940,2025-07-30 03:57:51.940000,9.5,9.13,86.73500000000001,sell,True,153080285,153080285
TRUMP/USDT,43955155,1753847871955,2025-07-30 03:57:51.955000,9.5,9.13,86.73500000000001,sell,True,153080286,153080286
TRUMP/USDT,43955156,1753847872896,2025-07-30 03:57:52.896000,9.5,6.16,58.52,sell,True,153080287,153080287
TRUMP/USDT,43955157,1753847872911,2025-07-30 03:57:52.911000,9.5,37.125,352.6875,sell,True,153080288,153080288
TRUMP/USDT,43955158,1753847872912,2025-07-30 03:57:52.912000,9.5,9.13,86.73500000000001,sell,True,153080289,153080289
TRUMP/USDT,43955159,1753847872912,2025-07-30 03:57:52.912000,9.5,524.556,4983.282,sell,True,153080290,153080305
TRUMP/USDT,43955160,1753847872921,2025-07-30 03:57:52.921000,9.49,9.5,90.155,sell,True,153080306,153080306
TRUMP/USDT,43955161,1753847881259,2025-07-30 03:58:01.259000,9.5,88.638,842.061,buy,False,153080307,153080323
TRUMP/USDT,43955162,1753847881262,2025-07-30 03:58:01.262000,9.5,0.965,9.1675,buy,False,153080324,153080330
TRUMP/USDT,43955163,1753847900999,2025-07-30 03:58:20.999000,9.51,10.515,99.99765000000001,buy,False,153080331,153080331
TRUMP/USDT,43955164,1753847903644,2025-07-30 03:58:23.644000,9.5,102.01,969.095,sell,True,153080332,153080354
TRUMP/USDT,43955165,1753847903658,2025-07-30 03:58:23.658000,9.49,30.4,288.496,sell,True,153080355,153080355
TRUMP/USDT,43955166,1753847908829,2025-07-30 03:58:28.829000,9.49,9.5,90.155,sell,True,153080356,153080356
TRUMP/USDT,43955167,1753847921204,2025-07-30 03:58:41.204000,9.5,72.788,691.486,buy,False,153080357,153080370
TRUMP/USDT,43955168,1753847921208,2025-07-30 03:58:41.208000,9.5,0.585,5.557499999999999,buy,False,153080371,153080374
TRUMP/USDT,43955169,1753847923624,2025-07-30 03:58:43.624000,9.5,2.869,27.2555,sell,True,153080375,153080385
TRUMP/USDT,43955170,1753847923644,2025-07-30 03:58:43.644000,9.5,0.965,9.1675,sell,True,153080386,153080392
TRUMP/USDT,43955171,1753847925880,2025-07-30 03:58:45.880000,9.49,500.0,4745.0,sell,True,153080393,153080395
TRUMP/USDT,43955172,1753847928420,2025-07-30 03:58:48.420000,9.5,39.339,373.7205,buy,False,153080396,153080412
TRUMP/USDT,43955173,1753847934676,2025-07-30 03:58:54.676000,9.51,52.841,502.51791,buy,False,153080413,153080413
TRUMP/USDT,43955174,1753847935544,2025-07-30 03:58:55.544000,9.5,11.568,109.896,sell,True,153080414,153080428
TRUMP/USDT,43955175,1753847939374,2025-07-30 03:58:59.374000,9.5,0.671,6.3745,buy,False,153080429,153080429
TRUMP/USDT,43955176,1753847944642,2025-07-30 03:59:04.642000,9.5,52.949,503.0155,buy,False,153080430,153080430
TRUMP/USDT,43955177,1753847945350,2025-07-30 03:59:05.350000,9.5,5.0,47.5,buy,False,153080431,153080431
TRUMP/USDT,43955178,1753847950533,2025-07-30 03:59:10.533000,9.5,43.125,409.6875,buy,False,153080432,153080454
TRUMP/USDT,43955179,1753847963946,2025-07-30 03:59:23.946000,9.5,24.991,237.4145,sell,True,153080455,153080477
TRUMP/USDT,43955180,1753847983464,2025-07-30 03:59:43.464000,9.49,1.0,9.49,sell,True,153080478,153080478
TRUMP/USDT,43955181,1753847988294,2025-07-30 03:59:48.294000,9.5,2.108,20.026,buy,False,153080479,153080479
TRUMP/USDT,43955182,1753847999329,2025-07-30 03:59:59.329000,9.49,0.672,6.377280000000001,sell,True,153080480,153080480
TRUMP/USDT,43955183,1753848002649,2025-07-30 04:00:02.649000,9.49,54.435,516.58815,sell,True,153080481,153080481
TRUMP/USDT,43955184,1753848010773,2025-07-30 04:00:10.773000,9.49,54.438,516.61662,sell,True,153080482,153080482
TRUMP/USDT,43955185,1753848018074,2025-07-30 04:00:18.074000,9.49,54.125,513.64625,sell,True,153080483,153080483
TRUMP/USDT,43955186,1753848033075,2025-07-30 04:00:33.075000,9.49,0.183,1.73667,sell,True,153080484,153080484
TRUMP/USDT,43955187,1753848033675,2025-07-30 04:00:33.675000,9.49,54.124,513.63676,sell,True,153080485,153080485
TRUMP/USDT,43955188,1753848033789,2025-07-30 04:00:33.789000,9.49,53.807,510.62843000000004,sell,True,153080486,153080487
TRUMP/USDT,43955189,1753848040939,2025-07-30 04:00:40.939000,9.49,24.2,229.658,sell,True,153080488,153080488
TRUMP/USDT,43955190,1753848049944,2025-07-30 04:00:49.944000,9.49,4.133,39.22217,sell,True,153080489,153080489
TRUMP/USDT,43955191,1753848067522,2025-07-30 04:01:07.522000,9.5,1.023,9.718499999999999,buy,False,153080490,153080496
TRUMP/USDT,43955192,1753848080181,2025-07-30 04:01:20.181000,9.5,105.263,999.9985,buy,False,153080497,153080513
TRUMP/USDT,43955193,1753848091315,2025-07-30 04:01:31.315000,9.49,0.7,6.643,sell,True,153080514,153080514
TRUMP/USDT,43955194,1753848098646,2025-07-30 04:01:38.646000,9.49,10.635,100.92615,sell,True,153080515,153080515
TRUMP/USDT,43955195,1753848102349,2025-07-30 04:01:42.349000,9.49,87.64,831.7036,sell,True,153080516,153080516
TRUMP/USDT,43955196,1753848115952,2025-07-30 04:01:55.952000,9.5,2.105,19.9975,buy,False,153080517,153080517
TRUMP/USDT,43955197,1753848116455,2025-07-30 04:01:56.455000,9.5,0.5,4.75,buy,False,153080518,153080518
TRUMP/USDT,43955198,1753848161970,2025-07-30 04:02:41.970000,9.49,0.15,1.4235,sell,True,153080519,153080519
TRUMP/USDT,43955199,1753848171707,2025-07-30 04:02:51.707000,9.5,9.0,85.5,buy,False,153080520,153080520
TRUMP/USDT,43955200,1753848181669,2025-07-30 04:03:01.669000,9.5,47.313,449.4735,buy,False,153080521,153080544
TRUMP/USDT,43955201,1753848181669,2025-07-30 04:03:01.669000,9.5,0.111,1.0545,buy,False,153080545,153080545
TRUMP/USDT,43955202,1753848182413,2025-07-30 04:03:02.413000,9.5,6.16,58.52,sell,True,153080546,153080546
TRUMP/USDT,43955203,1753848182415,2025-07-30 04:03:02.415000,9.5,0.11,1.045,sell,True,153080547,153080547
TRUMP/USDT,43955204,1753848185091,2025-07-30 04:03:05.091000,9.5,10.514,99.883,sell,True,153080548,153080549
TRUMP/USDT,43955205,1753848186145,2025-07-30 04:03:06.145000,9.5,2.63,24.985,sell,True,153080550,153080550
TRUMP/USDT,43955206,1753848193818,2025-07-30 04:03:13.818000,9.5,12.926,122.797,sell,True,153080551,153080566
TRUMP/USDT,43955207,1753848194101,2025-07-30 04:03:14.101000,9.49,40.99,388.99510000000004,sell,True,153080567,153080567
TRUMP/USDT,43955208,1753848198943,2025-07-30 04:03:18.943000,9.5,30.924,293.778,buy,False,153080568,153080579
TRUMP/USDT,43955209,1753848198944,2025-07-30 04:03:18.944000,9.5,0.427,4.0565,buy,False,153080580,153080582
TRUMP/USDT,43955210,1753848199063,2025-07-30 04:03:19.063000,9.51,9.02,85.7802,buy,False,153080583,153080583
TRUMP/USDT,43955211,1753848221177,2025-07-30 04:03:41.177000,9.51,34.023,323.55873,buy,False,153080584,153080584
TRUMP/USDT,43955212,1753848229049,2025-07-30 04:03:49.049000,9.51,1.855,17.64105,buy,False,153080585,153080585
TRUMP/USDT,43955213,1753848237994,2025-07-30 04:03:57.994000,9.51,3.548,33.74148,buy,False,153080586,153080586
TRUMP/USDT,43955214,1753848244883,2025-07-30 04:04:04.883000,9.5,15.0,142.5,sell,True,153080587,153080591
TRUMP/USDT,43955215,1753848244919,2025-07-30 04:04:04.919000,9.5,39.264,373.00800000000004,sell,True,153080592,153080592
TRUMP/USDT,43955216,1753848245084,2025-07-30 04:04:05.084000,9.5,28.536,271.092,sell,True,153080593,153080593
TRUMP/USDT,43955217,1753848245128,2025-07-30 04:04:05.128000,9.5,12.62,119.88999999999999,sell,True,153080594,153080613
TRUMP/USDT,43955218,1753848245161,2025-07-30 04:04:05.161000,9.49,9.02,85.5998,sell,True,153080614,153080614
TRUMP/USDT,43955219,1753848255254,2025-07-30 04:04:15.254000,9.5,73.302,696.369,buy,False,153080615,153080628
TRUMP/USDT,43955220,1753848255262,2025-07-30 04:04:15.262000,9.5,0.948,9.006,buy,False,153080629,153080634
TRUMP/USDT,43955221,1753848290643,2025-07-30 04:04:50.643000,9.5,45.93,436.335,sell,True,153080635,153080642
TRUMP/USDT,43955222,1753848305163,2025-07-30 04:05:05.163000,9.5,4.995,47.4525,sell,True,153080643,153080643
TRUMP/USDT,43955223,1753848317015,2025-07-30 04:05:17.015000,9.51,854.21,8123.5371000000005,buy,False,153080644,153080669
TRUMP/USDT,43955224,1753848317017,2025-07-30 04:05:17.017000,9.51,0.316,3.00516,buy,False,153080670,153080671
TRUMP/USDT,43955225,1753848317287,2025-07-30 04:05:17.287000,9.51,40.975,389.67225,sell,True,153080672,153080672
TRUMP/USDT,43955226,1753848324900,2025-07-30 04:05:24.900000,9.52,53.848,512.6329599999999,buy,False,153080673,153080673
TRUMP/USDT,43955227,1753848340547,2025-07-30 04:05:40.547000,9.51,5.454,51.86754,sell,True,153080674,153080674
TRUMP/USDT,43955228,1753848377759,2025-07-30 04:06:17.759000,9.51,1260.0,11982.6,sell,True,153080675,153080683
TRUMP/USDT,43955229,1753848396856,2025-07-30 04:06:36.856000,9.51,29.093,276.67443,sell,True,153080684,153080695
TRUMP/USDT,43955230,1753848398706,2025-07-30 04:06:38.706000,9.51,23.249,221.09798999999998,sell,True,153080696,153080697
TRUMP/USDT,43955231,1753848400771,2025-07-30 04:06:40.771000,9.51,0.52,4.9452,sell,True,153080698,153080698
TRUMP/USDT,43955232,1753848413811,2025-07-30 04:06:53.811000,9.51,21.655,205.93905,sell,True,153080699,153080699
TRUMP/USDT,43955233,1753848419394,2025-07-30 04:06:59.394000,9.52,0.669,6.36888,buy,False,153080700,153080700
TRUMP/USDT,43955234,1753848422649,2025-07-30 04:07:02.649000,9.52,5.251,49.98952,buy,False,153080701,153080701
TRUMP/USDT,43955235,1753848441680,2025-07-30 04:07:21.680000,9.52,5.252,49.999039999999994,buy,False,153080702,153080702
TRUMP/USDT,43955236,1753848445171,2025-07-30 04:07:25.171000,9.51,26.01,247.35510000000002,sell,True,153080703,153080703
TRUMP/USDT,43955237,1753848480888,2025-07-30 04:08:00.888000,9.52,9.978,94.99055999999999,buy,False,153080704,153080704
TRUMP/USDT,43955239,1753848486986,2025-07-30 04:08:06.986000,9.51,152.658,1451.77758,sell,True,153080709,153080728
TRUMP/USDT,43955238,1753848486986,2025-07-30 04:08:06.986000,9.51,113.004,1074.66804,sell,True,153080705,153080708
TRUMP/USDT,43955240,1753848491214,2025-07-30 04:08:11.214000,9.51,6.82,64.8582,buy,False,153080729,153080734
TRUMP/USDT,43955241,1753848492344,2025-07-30 04:08:12.344000,9.51,263.371,2504.6582099999996,buy,False,153080735,153080749
TRUMP/USDT,43955242,1753848493978,2025-07-30 04:08:13.978000,9.51,1.698,16.14798,sell,True,153080750,153080756
TRUMP/USDT,43955243,1753848520270,2025-07-30 04:08:40.270000,9.5,0.177,1.6815,sell,True,153080757,153080757
TRUMP/USDT,43955244,1753848520270,2025-07-30 04:08:40.270000,9.51,0.161,1.53111,buy,False,153080758,153080759
TRUMP/USDT,43955245,1753848539300,2025-07-30 04:08:59.300000,9.5,0.671,6.3745,sell,True,153080760,153080760
TRUMP/USDT,43955246,1753848549544,2025-07-30 04:09:09.544000,9.51,34.405,327.19155,buy,False,153080761,153080783
TRUMP/USDT,43955247,1753848571111,2025-07-30 04:09:31.111000,9.51,0.961,9.139109999999999,sell,True,153080784,153080784
TRUMP/USDT,43955248,1753848602096,2025-07-30 04:10:02.096000,9.51,12.9,122.679,sell,True,153080785,153080799
TRUMP/USDT,43955249,1753848602758,2025-07-30 04:10:02.758000,9.51,22.347,212.51997,buy,False,153080800,153080812
TRUMP/USDT,43955250,1753848605162,2025-07-30 04:10:05.162000,9.52,52.655,501.2756,buy,False,153080813,153080813
TRUMP/USDT,43955251,1753848606582,2025-07-30 04:10:06.582000,9.52,2.1,19.992,buy,False,153080814,153080814
TRUMP/USDT,43955252,1753848624122,2025-07-30 04:10:24.122000,9.52,1.189,11.319280000000001,buy,False,153080815,153080815
TRUMP/USDT,43955253,1753848626097,2025-07-30 04:10:26.097000,9.51,10.842,103.10742,sell,True,153080816,153080825
TRUMP/USDT,43955254,1753848626511,2025-07-30 04:10:26.511000,9.5,1.038,9.861,sell,True,153080826,153080826
TRUMP/USDT,43955255,1753848627408,2025-07-30 04:10:27.408000,9.5,28.6,271.7,sell,True,153080827,153080827
TRUMP/USDT,43955256,1753848644978,2025-07-30 04:10:44.978000,9.5,0.405,3.8475,sell,True,153080828,153080828
TRUMP/USDT,43955257,1753848645008,2025-07-30 04:10:45.008000,9.5,4.08,38.76,sell,True,153080829,153080829
TRUMP/USDT,43955258,1753848690257,2025-07-30 04:11:30.257000,9.51,900.53,8564.040299999999,buy,False,153080830,153080840
TRUMP/USDT,43955259,1753848701455,2025-07-30 04:11:41.455000,9.51,135.469,1288.31019,buy,False,153080841,153080861
TRUMP/USDT,43955260,1753848702190,2025-07-30 04:11:42.190000,9.5,8.0,76.0,sell,True,153080862,153080862
TRUMP/USDT,43955261,1753848715188,2025-07-30 04:11:55.188000,9.5,0.737,7.0015,sell,True,153080863,153080863
TRUMP/USDT,43955262,1753848719099,2025-07-30 04:11:59.099000,9.51,0.5,4.755,buy,False,153080864,153080867
TRUMP/USDT,43955263,1753848731131,2025-07-30 04:12:11.131000,9.51,10.515,99.99765000000001,buy,False,153080868,153080874
TRUMP/USDT,43955264,1753848739318,2025-07-30 04:12:19.318000,9.5,1.1,10.450000000000001,sell,True,153080875,153080875
TRUMP/USDT,43955265,1753848743545,2025-07-30 04:12:23.545000,9.5,4.968,47.196,sell,True,153080876,153080876
TRUMP/USDT,43955266,1753848770645,2025-07-30 04:12:50.645000,9.5,1.057,10.0415,sell,True,153080877,153080877
TRUMP/USDT,43955267,1753848779365,2025-07-30 04:12:59.365000,9.5,7.727,73.40650000000001,sell,True,153080878,153080878
TRUMP/USDT,43955268,1753848781628,2025-07-30 04:13:01.628000,9.51,1.046,9.94746,buy,False,153080879,153080879
TRUMP/USDT,43955269,1753848785375,2025-07-30 04:13:05.375000,9.51,1.051,9.995009999999999,buy,False,153080880,153080880
TRUMP/USDT,43955270,1753848785917,2025-07-30 04:13:05.917000,9.5,47.971,455.7245,sell,True,153080881,153080881
TRUMP/USDT,43955271,1753848805693,2025-07-30 04:13:25.693000,9.5,28.238,268.26099999999997,sell,True,153080882,153080882
TRUMP/USDT,43955272,1753848817676,2025-07-30 04:13:37.676000,9.51,7.029,66.84579,buy,False,153080883,153080883
TRUMP/USDT,43955273,1753848835708,2025-07-30 04:13:55.708000,9.5,10.579,100.5005,sell,True,153080884,153080884
TRUMP/USDT,43955274,1753848838003,2025-07-30 04:13:58.003000,9.51,62.761,596.85711,buy,False,153080885,153080885
TRUMP/USDT,43955275,1753848869663,2025-07-30 04:14:29.663000,9.51,97.287,925.19937,buy,False,153080886,153080886
TRUMP/USDT,43955276,1753848870364,2025-07-30 04:14:30.364000,9.5,4.0,38.0,sell,True,153080887,153080887
TRUMP/USDT,43955277,1753848880470,2025-07-30 04:14:40.470000,9.51,0.19,1.8069,buy,False,153080888,153080888
TRUMP/USDT,43955278,1753848880570,2025-07-30 04:14:40.570000,9.5,0.129,1.2255,sell,True,153080889,153080889
TRUMP/USDT,43955279,1753848893531,2025-07-30 04:14:53.531000,9.5,45.283,430.18850000000003,sell,True,153080890,153080893
TRUMP/USDT,43955280,1753848896374,2025-07-30 04:14:56.374000,9.5,9.794,93.043,sell,True,153080894,153080894
TRUMP/USDT,43955281,1753848912788,2025-07-30 04:15:12.788000,9.51,1.051,9.995009999999999,buy,False,153080895,153080895
TRUMP/USDT,43955282,1753848950643,2025-07-30 04:15:50.643000,9.5,15.0,142.5,sell,True,153080896,153080914
TRUMP/USDT,43955283,1753848950740,2025-07-30 04:15:50.740000,9.5,27.653,262.70349999999996,sell,True,153080915,153080932
TRUMP/USDT,43955284,1753848950741,2025-07-30 04:15:50.741000,9.5,0.427,4.0565,sell,True,153080933,153080935
TRUMP/USDT,43955285,1753848955890,2025-07-30 04:15:55.890000,9.49,187.453,1778.9289700000002,sell,True,153080936,153080936
TRUMP/USDT,43955286,1753848958728,2025-07-30 04:15:58.728000,9.5,0.21,1.9949999999999999,buy,False,153080937,153080938
TRUMP/USDT,43955287,1753848958915,2025-07-30 04:15:58.915000,9.5,9.13,86.73500000000001,buy,False,153080939,153080944
TRUMP/USDT,43955288,1753848958919,2025-07-30 04:15:58.919000,9.5,24.158,229.501,buy,False,153080945,153080962
TRUMP/USDT,43955289,1753848958921,2025-07-30 04:15:58.921000,9.5,0.316,3.0020000000000002,buy,False,153080963,153080964
TRUMP/USDT,43955290,1753848958965,2025-07-30 04:15:58.965000,9.51,9.13,86.8263,buy,False,153080965,153080965
TRUMP/USDT,43955291,1753848964523,2025-07-30 04:16:04.523000,9.5,11.342,107.74900000000001,sell,True,153080966,153080979
TRUMP/USDT,43955292,1753848969944,2025-07-30 04:16:09.944000,9.5,39.947,379.4965,buy,False,153080980,153081003
TRUMP/USDT,43955293,1753849000052,2025-07-30 04:16:40.052000,9.5,899.629,8546.4755,sell,True,153081004,153081010
TRUMP/USDT,43955294,1753849007419,2025-07-30 04:16:47.419000,9.51,1.955,18.59205,buy,False,153081011,153081011
TRUMP/USDT,43955295,1753849020698,2025-07-30 04:17:00.698000,9.51,0.125,1.18875,buy,False,153081012,153081012
TRUMP/USDT,43955296,1753849028891,2025-07-30 04:17:08.891000,9.5,5.252,49.894,sell,True,153081013,153081013
TRUMP/USDT,43955297,1753849051806,2025-07-30 04:17:31.806000,9.5,12.448,118.256,sell,True,153081014,153081034
TRUMP/USDT,43955298,1753849051864,2025-07-30 04:17:31.864000,9.49,9.13,86.64370000000001,sell,True,153081035,153081035
TRUMP/USDT,43955299,1753849052705,2025-07-30 04:17:32.705000,9.5,1.052,9.994,buy,False,153081036,153081036
TRUMP/USDT,43955300,1753849056089,2025-07-30 04:17:36.089000,9.49,8.833,83.82517,sell,True,153081037,153081037
TRUMP/USDT,43955301,1753849090773,2025-07-30 04:18:10.773000,9.49,178.321,1692.26629,sell,True,153081038,153081047
TRUMP/USDT,43955302,1753849093841,2025-07-30 04:18:13.841000,9.5,6.16,58.52,buy,False,153081048,153081048
TRUMP/USDT,43955303,1753849093845,2025-07-30 04:18:13.845000,9.5,0.11,1.045,buy,False,153081049,153081049
TRUMP/USDT,43955304,1753849093847,2025-07-30 04:18:13.847000,9.5,0.11,1.045,buy,False,153081050,153081050
TRUMP/USDT,43955305,1753849106529,2025-07-30 04:18:26.529000,9.49,11.649,110.54901,sell,True,153081051,153081051
TRUMP/USDT,43955306,1753849112652,2025-07-30 04:18:32.652000,9.49,4.677,44.38473,sell,True,153081052,153081052
TRUMP/USDT,43955307,1753849120570,2025-07-30 04:18:40.570000,9.5,0.169,1.6055000000000001,buy,False,153081053,153081054
TRUMP/USDT,43955308,1753849179126,2025-07-30 04:19:39.126000,9.5,1.129,10.7255,buy,False,153081055,153081058
TRUMP/USDT,43955309,1753849212359,2025-07-30 04:20:12.359000,9.5,1.052,9.994,buy,False,153081059,153081059
TRUMP/USDT,43955310,1753849243583,2025-07-30 04:20:43.583000,9.5,33.004,313.53799999999995,buy,False,153081060,153081073
TRUMP/USDT,43955311,1753849245638,2025-07-30 04:20:45.638000,9.49,0.332,3.1506800000000004,sell,True,153081074,153081074
TRUMP/USDT,43955312,1753849251853,2025-07-30 04:20:51.853000,9.49,6.696,63.54504,sell,True,153081075,153081075
TRUMP/USDT,43955313,1753849271302,2025-07-30 04:21:11.302000,9.5,3.254,30.913,buy,False,153081076,153081076
TRUMP/USDT,43955314,1753849282756,2025-07-30 04:21:22.756000,9.5,4.736,44.992,buy,False,153081077,153081078
TRUMP/USDT,43955315,1753849306527,2025-07-30 04:21:46.527000,9.49,11.191,106.20259000000001,sell,True,153081079,153081079
TRUMP/USDT,43955316,1753849309549,2025-07-30 04:21:49.549000,9.5,141.6,1345.2,buy,False,153081080,153081081
TRUMP/USDT,43955317,1753849315022,2025-07-30 04:21:55.022000,9.49,1.045,9.91705,sell,True,153081082,153081082
TRUMP/USDT,43955318,1753849317065,2025-07-30 04:21:57.065000,9.5,1.0,9.5,buy,False,153081083,153081084
TRUMP/USDT,43955319,1753849336202,2025-07-30 04:22:16.202000,9.5,6.736,63.992,buy,False,153081085,153081093
TRUMP/USDT,43955320,1753849344992,2025-07-30 04:22:24.992000,9.5,0.21,1.9949999999999999,buy,False,153081094,153081094
TRUMP/USDT,43955321,1753849347716,2025-07-30 04:22:27.716000,9.5,5.496,52.212,buy,False,153081095,153081095
TRUMP/USDT,43955322,1753849360047,2025-07-30 04:22:40.047000,9.5,1.578,14.991000000000001,buy,False,153081096,153081096
TRUMP/USDT,43955323,1753849361470,2025-07-30 04:22:41.470000,9.49,0.211,2.00239,sell,True,153081097,153081097
TRUMP/USDT,43955324,1753849405768,2025-07-30 04:23:25.768000,9.5,0.579,5.5005,buy,False,153081098,153081101
TRUMP/USDT,43955325,1753849411885,2025-07-30 04:23:31.885000,9.49,32.715,310.46535000000006,sell,True,153081102,153081114
TRUMP/USDT,43955326,1753849411886,2025-07-30 04:23:31.886000,9.49,713.98,6775.6702000000005,sell,True,153081115,153081144
TRUMP/USDT,43955327,1753849411886,2025-07-30 04:23:31.886000,9.49,24.847,235.79803,sell,True,153081145,153081146
TRUMP/USDT,43955328,1753849411888,2025-07-30 04:23:31.888000,9.49,1578.233,14977.43117,sell,True,153081147,153081147
TRUMP/USDT,43955329,1753849411889,2025-07-30 04:23:31.889000,9.49,1092.46,10367.4454,sell,True,153081148,153081159
TRUMP/USDT,43955330,1753849411890,2025-07-30 04:23:31.890000,9.49,20.822,197.60078,sell,True,153081160,153081165
TRUMP/USDT,43955331,1753849411933,2025-07-30 04:23:31.933000,9.49,71.689,680.3286099999999,buy,False,153081166,153081166
TRUMP/USDT,43955332,1753849411960,2025-07-30 04:23:31.960000,9.48,9.13,86.5524,sell,True,153081167,153081167
TRUMP/USDT,43955333,1753849413108,2025-07-30 04:23:33.108000,9.49,0.788,7.4781200000000005,buy,False,153081168,153081168
TRUMP/USDT,43955334,1753849413126,2025-07-30 04:23:33.126000,9.49,0.788,7.4781200000000005,buy,False,153081169,153081169
TRUMP/USDT,43955335,1753849413144,2025-07-30 04:23:33.144000,9.49,0.788,7.4781200000000005,buy,False,153081170,153081170
TRUMP/USDT,43955336,1753849413163,2025-07-30 04:23:33.163000,9.49,0.788,7.4781200000000005,buy,False,153081171,153081171
TRUMP/USDT,43955337,1753849417072,2025-07-30 04:23:37.072000,9.49,27.535,261.30715000000004,buy,False,153081172,153081175
TRUMP/USDT,43955338,1753849417082,2025-07-30 04:23:37.082000,9.49,9.13,86.64370000000001,buy,False,153081176,153081176
TRUMP/USDT,43955339,1753849417083,2025-07-30 04:23:37.083000,9.49,276.917,2627.94233,buy,False,153081177,153081178
TRUMP/USDT,43955340,1753849417084,2025-07-30 04:23:37.084000,9.49,486.648,4618.28952,buy,False,153081179,153081203
TRUMP/USDT,43955341,1753849417085,2025-07-30 04:23:37.085000,9.49,10.756,102.07444000000001,buy,False,153081204,153081204
TRUMP/USDT,43955342,1753849417085,2025-07-30 04:23:37.085000,9.49,91.006,863.64694,buy,False,153081205,153081205
TRUMP/USDT,43955343,1753849417086,2025-07-30 04:23:37.086000,9.49,320.473,3041.28877,buy,False,153081206,153081208
TRUMP/USDT,43955344,1753849417090,2025-07-30 04:23:37.090000,9.49,9.13,86.64370000000001,buy,False,153081209,153081209
TRUMP/USDT,43955345,1753849417092,2025-07-30 04:23:37.092000,9.49,25.087,238.07563,buy,False,153081210,153081210
TRUMP/USDT,43955346,1753849417096,2025-07-30 04:23:37.096000,9.49,3.421,32.465289999999996,buy,False,153081211,153081211
TRUMP/USDT,43955347,1753849417097,2025-07-30 04:23:37.097000,9.49,152.437,1446.62713,buy,False,153081212,153081212
TRUMP/USDT,43955348,1753849417103,2025-07-30 04:23:37.103000,9.49,9.13,86.64370000000001,buy,False,153081213,153081213
TRUMP/USDT,43955349,1753849417108,2025-07-30 04:23:37.108000,9.49,72.28,685.9372000000001,buy,False,153081214,153081215
TRUMP/USDT,43955350,1753849417109,2025-07-30 04:23:37.109000,9.49,42.36,401.9964,buy,False,153081216,153081217
TRUMP/USDT,43955351,1753849417109,2025-07-30 04:23:37.109000,9.49,67.379,639.4267100000001,buy,False,153081218,153081218
TRUMP/USDT,43955352,1753849417110,2025-07-30 04:23:37.110000,9.49,319.613,3033.12737,buy,False,153081219,153081228
TRUMP/USDT,43955353,1753849420201,2025-07-30 04:23:40.201000,9.49,15.0,142.35,sell,True,153081229,153081229
TRUMP/USDT,43955354,1753849421581,2025-07-30 04:23:41.581000,9.49,16.603,157.56247000000002,sell,True,153081230,153081248
TRUMP/USDT,43955355,1753849426183,2025-07-30 04:23:46.183000,9.49,4.742,45.001580000000004,buy,False,153081249,153081249
TRUMP/USDT,43955356,1753849431303,2025-07-30 04:23:51.303000,9.49,1.585,15.04165,buy,False,153081250,153081256
TRUMP/USDT,43955357,1753849432015,2025-07-30 04:23:52.015000,9.48,100.0,948.0,sell,True,153081257,153081257
TRUMP/USDT,43955358,1753849438140,2025-07-30 04:23:58.140000,9.49,1.0,9.49,buy,False,153081258,153081258
TRUMP/USDT,43955359,1753849438226,2025-07-30 04:23:58.226000,9.48,100.0,948.0,sell,True,153081259,153081259
TRUMP/USDT,43955360,1753849446453,2025-07-30 04:24:06.453000,9.48,54.617,517.7691599999999,sell,True,153081260,153081282
TRUMP/USDT,43955361,1753849449751,2025-07-30 04:24:09.751000,9.48,10.027,95.05596,sell,True,153081283,153081283
TRUMP/USDT,43955362,1753849458374,2025-07-30 04:24:18.374000,9.48,43.2,409.53600000000006,sell,True,153081284,153081284
TRUMP/USDT,43955363,1753849458945,2025-07-30 04:24:18.945000,9.48,4.963,47.049240000000005,sell,True,153081285,153081285
TRUMP/USDT,43955364,1753849463733,2025-07-30 04:24:23.733000,9.48,100.0,948.0,sell,True,153081286,153081288
TRUMP/USDT,43955365,1753849470503,2025-07-30 04:24:30.503000,9.49,6.84,64.9116,buy,False,153081289,153081289
TRUMP/USDT,43955366,1753849480270,2025-07-30 04:24:40.270000,9.49,0.131,1.24319,buy,False,153081290,153081290
TRUMP/USDT,43955367,1753849483317,2025-07-30 04:24:43.317000,9.49,3.988,37.84612,buy,False,153081291,153081291
TRUMP/USDT,43955368,1753849485400,2025-07-30 04:24:45.400000,9.49,0.18,1.7082,buy,False,153081292,153081293
TRUMP/USDT,43955369,1753849528410,2025-07-30 04:25:28.410000,9.49,10.222,97.00677999999999,buy,False,153081294,153081300
TRUMP/USDT,43955370,1753849550550,2025-07-30 04:25:50.550000,9.49,96.0,911.04,buy,False,153081301,153081303
TRUMP/USDT,43955371,1753849552959,2025-07-30 04:25:52.959000,9.49,0.49,4.6501,buy,False,153081304,153081304
TRUMP/USDT,43955372,1753849560813,2025-07-30 04:26:00.813000,9.49,1.006,9.546940000000001,buy,False,153081305,153081305
TRUMP/USDT,43955373,1753849573275,2025-07-30 04:26:13.275000,9.49,141.816,1345.83384,buy,False,153081306,153081322
TRUMP/USDT,43955374,1753849573275,2025-07-30 04:26:13.275000,9.49,0.111,1.05339,buy,False,153081323,153081323
TRUMP/USDT,43955375,1753849583521,2025-07-30 04:26:23.521000,9.5,0.316,3.0020000000000002,buy,False,153081324,153081326
TRUMP/USDT,43955376,1753849585601,2025-07-30 04:26:25.601000,9.49,15.0,142.35,sell,True,153081327,153081328
TRUMP/USDT,43955377,1753849593141,2025-07-30 04:26:33.141000,9.49,1.695,16.08555,sell,True,153081329,153081329
TRUMP/USDT,43955378,1753849595122,2025-07-30 04:26:35.122000,9.49,13.2,125.268,sell,True,153081330,153081332
TRUMP/USDT,43955379,1753849595124,2025-07-30 04:26:35.124000,9.49,1.8,17.082,sell,True,153081333,153081333
TRUMP/USDT,43955380,1753849595649,2025-07-30 04:26:35.649000,9.49,15.0,142.35,sell,True,153081334,153081334
TRUMP/USDT,43955381,1753849597147,2025-07-30 04:26:37.147000,9.49,9.12,86.5488,sell,True,153081335,153081335
TRUMP/USDT,43955382,1753849597148,2025-07-30 04:26:37.148000,9.49,5.88,55.8012,sell,True,153081336,153081336
TRUMP/USDT,43955383,1753849597237,2025-07-30 04:26:37.237000,9.49,3.38,32.0762,sell,True,153081337,153081337
TRUMP/USDT,43955384,1753849597243,2025-07-30 04:26:37.243000,9.49,2.279,21.62771,sell,True,153081338,153081338
TRUMP/USDT,43955385,1753849597269,2025-07-30 04:26:37.269000,9.49,2.279,21.62771,sell,True,153081339,153081339
TRUMP/USDT,43955386,1753849597365,2025-07-30 04:26:37.365000,9.49,16.874,160.13425999999998,sell,True,153081340,153081340
TRUMP/USDT,43955387,1753849597368,2025-07-30 04:26:37.368000,9.49,16.874,160.13425999999998,sell,True,153081341,153081341
TRUMP/USDT,43955388,1753849597376,2025-07-30 04:26:37.376000,9.49,11.923,113.14927,sell,True,153081342,153081342
TRUMP/USDT,43955389,1753849597378,2025-07-30 04:26:37.378000,9.49,7.015,66.57235,sell,True,153081343,153081343
TRUMP/USDT,43955390,1753849597390,2025-07-30 04:26:37.390000,9.49,3.547,33.661030000000004,sell,True,153081344,153081344
TRUMP/USDT,43955391,1753849597411,2025-07-30 04:26:37.411000,9.49,11.923,113.14927,sell,True,153081345,153081345
TRUMP/USDT,43955392,1753849597412,2025-07-30 04:26:37.412000,9.49,7.015,66.57235,sell,True,153081346,153081346
TRUMP/USDT,43955393,1753849597412,2025-07-30 04:26:37.412000,9.49,3.547,33.661030000000004,sell,True,153081347,153081347
TRUMP/USDT,43955394,1753849598161,2025-07-30 04:26:38.161000,9.49,15.0,142.35,sell,True,153081348,153081348
TRUMP/USDT,43955395,1753849599164,2025-07-30 04:26:39.164000,9.49,15.0,142.35,sell,True,153081349,153081349
TRUMP/USDT,43955396,1753849599252,2025-07-30 04:26:39.252000,9.49,13.766,130.63934,sell,True,153081350,153081369
TRUMP/USDT,43955397,1753849601270,2025-07-30 04:26:41.270000,9.48,0.573,5.43204,sell,True,153081370,153081370
TRUMP/USDT,43955398,1753849612272,2025-07-30 04:26:52.272000,9.48,214.945,2037.6786,sell,True,153081371,153081389
TRUMP/USDT,43955399,1753849613510,2025-07-30 04:26:53.510000,9.49,0.787,7.46863,buy,False,153081390,153081394
TRUMP/USDT,43955400,1753849613513,2025-07-30 04:26:53.513000,9.49,1.075,10.20175,buy,False,153081395,153081395
TRUMP/USDT,43955401,1753849620345,2025-07-30 04:27:00.345000,9.49,30.067,285.33583,buy,False,153081396,153081414
TRUMP/USDT,43955402,1753849645878,2025-07-30 04:27:25.878000,9.49,15.0,142.35,sell,True,153081415,153081421
TRUMP/USDT,43955403,1753849645926,2025-07-30 04:27:25.926000,9.49,11.028,104.65572,sell,True,153081422,153081432
TRUMP/USDT,43955404,1753849653844,2025-07-30 04:27:33.844000,9.49,30.968,293.88632,buy,False,153081433,153081451
TRUMP/USDT,43955405,1753849654818,2025-07-30 04:27:34.818000,9.49,0.45,4.2705,sell,True,153081452,153081455
TRUMP/USDT,43955406,1753849654818,2025-07-30 04:27:34.818000,9.49,1.628,15.44972,sell,True,153081456,153081462
TRUMP/USDT,43955407,1753849657229,2025-07-30 04:27:37.229000,9.48,1.0,9.48,sell,True,153081463,153081463
TRUMP/USDT,43955408,1753849659152,2025-07-30 04:27:39.152000,9.49,35.261,334.62689000000006,buy,False,153081464,153081481
TRUMP/USDT,43955409,1753849659254,2025-07-30 04:27:39.254000,9.5,9.13,86.73500000000001,buy,False,153081482,153081485
TRUMP/USDT,43955410,1753849660789,2025-07-30 04:27:40.789000,9.49,15.0,142.35,sell,True,153081486,153081486
TRUMP/USDT,43955411,1753849668433,2025-07-30 04:27:48.433000,9.49,15.0,142.35,sell,True,153081487,153081495
TRUMP/USDT,43955412,1753849668445,2025-07-30 04:27:48.445000,9.49,15.0,142.35,sell,True,153081496,153081496
TRUMP/USDT,43955413,1753849669743,2025-07-30 04:27:49.743000,9.49,8.13,77.15370000000001,sell,True,153081497,153081499
TRUMP/USDT,43955414,1753849669744,2025-07-30 04:27:49.744000,9.49,6.87,65.19630000000001,sell,True,153081500,153081501
TRUMP/USDT,43955415,1753849669751,2025-07-30 04:27:49.751000,9.49,28.805,273.35945,sell,True,153081502,153081502
TRUMP/USDT,43955416,1753849669775,2025-07-30 04:27:49.775000,9.49,0.531,5.0391900000000005,sell,True,153081503,153081503
TRUMP/USDT,43955417,1753849669786,2025-07-30 04:27:49.786000,9.49,1.152,10.93248,sell,True,153081504,153081504
TRUMP/USDT,43955418,1753849669802,2025-07-30 04:27:49.802000,9.49,1.793,17.01557,sell,True,153081505,153081505
TRUMP/USDT,43955419,1753849670913,2025-07-30 04:27:50.913000,9.49,142.151,1349.0129900000002,sell,True,153081506,153081514
TRUMP/USDT,43955420,1753849670957,2025-07-30 04:27:50.957000,9.48,9.13,86.5524,sell,True,153081515,153081515
TRUMP/USDT,43955421,1753849715950,2025-07-30 04:28:35.950000,9.48,26.742,253.51416000000003,sell,True,153081516,153081516
TRUMP/USDT,43955422,1753849715961,2025-07-30 04:28:35.961000,9.48,9.13,86.5524,sell,True,153081517,153081517
TRUMP/USDT,43955423,1753849715964,2025-07-30 04:28:35.964000,9.48,1.458,13.82184,sell,True,153081518,153081518
TRUMP/USDT,43955424,1753849716057,2025-07-30 04:28:36.057000,9.48,11.591,109.88268,sell,True,153081519,153081519
TRUMP/USDT,43955425,1753849716100,2025-07-30 04:28:36.100000,9.48,9.02,85.5096,sell,True,153081520,153081533
TRUMP/USDT,43955426,1753849716146,2025-07-30 04:28:36.146000,9.48,12.717,120.55716000000001,sell,True,153081534,153081551
TRUMP/USDT,43955427,1753849717711,2025-07-30 04:28:37.711000,9.48,1.255,11.8974,buy,False,153081552,153081552
TRUMP/USDT,43955428,1753849719949,2025-07-30 04:28:39.949000,9.48,38.626,366.17448,buy,False,153081553,153081565
TRUMP/USDT,43955429,1753849720867,2025-07-30 04:28:40.867000,9.48,15.0,142.20000000000002,sell,True,153081566,153081566
TRUMP/USDT,43955430,1753849727667,2025-07-30 04:28:47.667000,9.48,0.591,5.60268,sell,True,153081567,153081567
TRUMP/USDT,43955431,1753849745719,2025-07-30 04:29:05.719000,9.48,1.701,16.12548,sell,True,153081568,153081568
TRUMP/USDT,43955432,1753849773961,2025-07-30 04:29:33.961000,9.48,1624.055,15396.041400000002,sell,True,153081569,153081579
TRUMP/USDT,43955433,1753849774669,2025-07-30 04:29:34.669000,9.48,78.201,741.34548,sell,True,153081580,153081580
TRUMP/USDT,43955434,1753849775226,2025-07-30 04:29:35.226000,9.48,703.097,6665.35956,sell,True,153081581,153081601
TRUMP/USDT,43955435,1753849775238,2025-07-30 04:29:35.238000,9.48,9.02,85.5096,sell,True,153081602,153081604
TRUMP/USDT,43955436,1753849776539,2025-07-30 04:29:36.539000,9.48,50.747,481.08156,sell,True,153081605,153081605
TRUMP/USDT,43955437,1753849777224,2025-07-30 04:29:37.224000,9.48,163.489,1549.87572,sell,True,153081606,153081606
TRUMP/USDT,43955438,1753849777234,2025-07-30 04:29:37.234000,9.48,9.02,85.5096,sell,True,153081607,153081607
TRUMP/USDT,43955439,1753849777244,2025-07-30 04:29:37.244000,9.48,7.467,70.78716,sell,True,153081608,153081618
TRUMP/USDT,43955440,1753849777245,2025-07-30 04:29:37.245000,9.47,15.0,142.05,sell,True,153081619,153081623
TRUMP/USDT,43955441,1753849785124,2025-07-30 04:29:45.124000,9.48,2.531,23.99388,buy,False,153081624,153081624
TRUMP/USDT,43955442,1753849791122,2025-07-30 04:29:51.122000,9.48,0.632,5.99136,buy,False,153081625,153081625
TRUMP/USDT,43955443,1753849803450,2025-07-30 04:30:03.450000,9.47,7.066,66.91502,sell,True,153081626,153081626
TRUMP/USDT,43955444,1753849828748,2025-07-30 04:30:28.748000,9.47,15.0,142.05,sell,True,153081627,153081631
TRUMP/USDT,43955445,1753849830753,2025-07-30 04:30:30.753000,9.47,15.0,142.05,sell,True,153081632,153081632
TRUMP/USDT,43955446,1753849831725,2025-07-30 04:30:31.725000,9.47,79.861,756.2836700000001,sell,True,153081633,153081665
TRUMP/USDT,43955447,1753849832953,2025-07-30 04:30:32.953000,9.47,0.788,7.462360000000001,buy,False,153081666,153081666
TRUMP/USDT,43955448,1753849832970,2025-07-30 04:30:32.970000,9.47,0.788,7.462360000000001,buy,False,153081667,153081667
TRUMP/USDT,43955449,1753849834099,2025-07-30 04:30:34.099000,9.47,92.691,877.7837700000001,buy,False,153081668,153081669
TRUMP/USDT,43955450,1753849844202,2025-07-30 04:30:44.202000,9.46,0.136,1.2865600000000001,sell,True,153081670,153081670
TRUMP/USDT,43955451,1753849844370,2025-07-30 04:30:44.370000,9.46,0.328,3.1028800000000003,sell,True,153081671,153081671
TRUMP/USDT,43955452,1753849852641,2025-07-30 04:30:52.641000,9.47,84.478,800.00666,buy,False,153081672,153081672
TRUMP/USDT,43955453,1753849853641,2025-07-30 04:30:53.641000,9.47,1.026,9.716220000000002,buy,False,153081673,153081673
TRUMP/USDT,43955454,1753849887470,2025-07-30 04:31:27.470000,9.47,1.0,9.47,buy,False,153081674,153081674
TRUMP/USDT,43955455,1753849891907,2025-07-30 04:31:31.907000,9.46,190.024,1797.62704,sell,True,153081675,153081678
TRUMP/USDT,43955456,1753849892339,2025-07-30 04:31:32.339000,9.46,62.758,593.69068,sell,True,153081679,153081679
TRUMP/USDT,43955457,1753849893058,2025-07-30 04:31:33.058000,9.46,6.16,58.27360000000001,sell,True,153081680,153081687
TRUMP/USDT,43955458,1753849893060,2025-07-30 04:31:33.060000,9.46,0.11,1.0406000000000002,sell,True,153081688,153081688
TRUMP/USDT,43955459,1753849895166,2025-07-30 04:31:35.166000,9.46,3.64,34.434400000000004,sell,True,153081689,153081689
TRUMP/USDT,43955460,1753849896303,2025-07-30 04:31:36.303000,9.47,23.532,222.84804000000003,buy,False,153081690,153081691
TRUMP/USDT,43955461,1753849897337,2025-07-30 04:31:37.337000,9.46,522.684,4944.59064,sell,True,153081692,153081700
TRUMP/USDT,43955462,1753849897337,2025-07-30 04:31:37.337000,9.46,954.305,9027.7253,sell,True,153081701,153081703
TRUMP/USDT,43955463,1753849897337,2025-07-30 04:31:37.337000,9.46,11.438,108.20348000000001,sell,True,153081704,153081704
TRUMP/USDT,43955464,1753849897338,2025-07-30 04:31:37.338000,9.46,47.238,446.87148,sell,True,153081705,153081705
TRUMP/USDT,43955465,1753849897338,2025-07-30 04:31:37.338000,9.46,361.367,3418.5318200000006,sell,True,153081706,153081706
TRUMP/USDT,43955466,1753849897338,2025-07-30 04:31:37.338000,9.46,164.432,1555.52672,sell,True,153081707,153081733
TRUMP/USDT,43955467,1753849897495,2025-07-30 04:31:37.495000,9.46,18.45,174.537,buy,False,153081734,153081734
TRUMP/USDT,43955468,1753849898570,2025-07-30 04:31:38.570000,9.46,0.788,7.454480000000001,buy,False,153081735,153081735
TRUMP/USDT,43955469,1753849918060,2025-07-30 04:31:58.060000,9.45,6.16,58.211999999999996,sell,True,153081736,153081736
TRUMP/USDT,43955470,1753849939067,2025-07-30 04:32:19.067000,9.45,1.469,13.88205,sell,True,153081737,153081739
TRUMP/USDT,43955471,1753849939240,2025-07-30 04:32:19.240000,9.45,4.761,44.99145,sell,True,153081740,153081745
TRUMP/USDT,43955472,1753849939714,2025-07-30 04:32:19.714000,9.45,513.928,4856.6196,sell,True,153081746,153081778
TRUMP/USDT,43955473,1753849940942,2025-07-30 04:32:20.942000,9.46,0.787,7.445020000000001,buy,False,153081779,153081779
TRUMP/USDT,43955474,1753849957856,2025-07-30 04:32:37.856000,9.46,0.223,2.1095800000000002,buy,False,153081780,153081780
TRUMP/USDT,43955475,1753849961262,2025-07-30 04:32:41.262000,9.45,45.991,434.61494999999996,sell,True,153081781,153081782
TRUMP/USDT,43955476,1753849962445,2025-07-30 04:32:42.445000,9.46,24.959,236.11214,buy,False,153081783,153081783
TRUMP/USDT,43955477,1753849962870,2025-07-30 04:32:42.870000,9.46,0.306,2.89476,buy,False,153081784,153081784
TRUMP/USDT,43955478,1753849967653,2025-07-30 04:32:47.653000,9.45,10.685,100.97325,sell,True,153081785,153081796
TRUMP/USDT,43955479,1753849970493,2025-07-30 04:32:50.493000,9.45,206.0,1946.6999999999998,buy,False,153081797,153081798
TRUMP/USDT,43955480,1753849973183,2025-07-30 04:32:53.183000,9.44,0.663,6.25872,sell,True,153081799,153081799
TRUMP/USDT,43955481,1753849979443,2025-07-30 04:32:59.443000,9.45,130.32,1231.524,buy,False,153081800,153081807
TRUMP/USDT,43955482,1753849979501,2025-07-30 04:32:59.501000,9.45,147.01,1389.2444999999998,buy,False,153081808,153081815
TRUMP/USDT,43955483,1753849979506,2025-07-30 04:32:59.506000,9.45,118.14,1116.423,buy,False,153081816,153081816
TRUMP/USDT,43955484,1753849979694,2025-07-30 04:32:59.694000,9.45,164.08,1550.556,buy,False,153081817,153081828
TRUMP/USDT,43955485,1753849979892,2025-07-30 04:32:59.892000,9.45,1.698,16.0461,buy,False,153081829,153081835
TRUMP/USDT,43955486,1753849979965,2025-07-30 04:32:59.965000,9.46,9.13,86.36980000000001,buy,False,153081836,153081836
TRUMP/USDT,43955487,1753849982988,2025-07-30 04:33:02.988000,9.46,2.536,23.990560000000002,buy,False,153081837,153081837
TRUMP/USDT,43955488,1753849984051,2025-07-30 04:33:04.051000,9.45,0.663,6.26535,sell,True,153081838,153081842
TRUMP/USDT,43955489,1753849984144,2025-07-30 04:33:04.144000,9.45,15.444,145.9458,sell,True,153081843,153081856
TRUMP/USDT,43955490,1753849997905,2025-07-30 04:33:17.905000,9.44,12.395,117.0088,sell,True,153081857,153081857
TRUMP/USDT,43955491,1753850043199,2025-07-30 04:34:03.199000,9.45,0.634,5.9913,buy,False,153081858,153081862
TRUMP/USDT,43955492,1753850048632,2025-07-30 04:34:08.632000,9.44,0.524,4.94656,sell,True,153081863,153081863
TRUMP/USDT,43955493,1753850063136,2025-07-30 04:34:23.136000,9.45,2.664,25.1748,buy,False,153081864,153081866
TRUMP/USDT,43955494,1753850067627,2025-07-30 04:34:27.627000,9.44,5.029,47.47376,sell,True,153081867,153081867
TRUMP/USDT,43955495,1753850080470,2025-07-30 04:34:40.470000,9.44,0.144,1.35936,sell,True,153081868,153081868
TRUMP/USDT,43955496,1753850089065,2025-07-30 04:34:49.065000,9.44,15.0,141.6,sell,True,153081869,153081869
TRUMP/USDT,43955497,1753850091577,2025-07-30 04:34:51.577000,9.44,15.0,141.6,sell,True,153081870,153081870
TRUMP/USDT,43955498,1753850116716,2025-07-30 04:35:16.716000,9.44,2.059,19.43696,sell,True,153081871,153081871
TRUMP/USDT,43955499,1753850117953,2025-07-30 04:35:17.953000,9.44,2.0,18.88,sell,True,153081872,153081872
TRUMP/USDT,43955500,1753850134189,2025-07-30 04:35:34.189000,9.44,15.0,141.6,sell,True,153081873,153081873
TRUMP/USDT,43955501,1753850136702,2025-07-30 04:35:36.702000,9.44,15.0,141.6,sell,True,153081874,153081874
TRUMP/USDT,43955502,1753850139213,2025-07-30 04:35:39.213000,9.44,15.0,141.6,sell,True,153081875,153081875
TRUMP/USDT,43955503,1753850144547,2025-07-30 04:35:44.547000,9.45,1.198,11.3211,buy,False,153081876,153081876
TRUMP/USDT,43955504,1753850170781,2025-07-30 04:36:10.781000,9.45,1.197,11.31165,buy,False,153081877,153081877
TRUMP/USDT,43955505,1753850172587,2025-07-30 04:36:12.587000,9.45,11.777,111.29264999999998,buy,False,153081878,153081878
TRUMP/USDT,43955506,1753850185718,2025-07-30 04:36:25.718000,9.44,5.296,49.99424,sell,True,153081879,153081890
TRUMP/USDT,43955507,1753850186464,2025-07-30 04:36:26.464000,9.44,15.0,141.6,sell,True,153081891,153081906
TRUMP/USDT,43955508,1753850187700,2025-07-30 04:36:27.700000,9.45,0.787,7.43715,buy,False,153081907,153081910
TRUMP/USDT,43955509,1753850188616,2025-07-30 04:36:28.616000,9.44,15.0,141.6,sell,True,153081911,153081922
TRUMP/USDT,43955510,1753850188643,2025-07-30 04:36:28.643000,9.44,27.587,260.42127999999997,sell,True,153081923,153081926
TRUMP/USDT,43955511,1753850188654,2025-07-30 04:36:28.654000,9.44,1.367,12.90448,sell,True,153081927,153081927
TRUMP/USDT,43955512,1753850188697,2025-07-30 04:36:28.697000,9.44,4.467,42.168479999999995,sell,True,153081928,153081928
TRUMP/USDT,43955513,1753850188710,2025-07-30 04:36:28.710000,9.44,1.356,12.80064,sell,True,153081929,153081929
TRUMP/USDT,43955514,1753850188728,2025-07-30 04:36:28.728000,9.44,1.917,18.09648,sell,True,153081930,153081930
TRUMP/USDT,43955515,1753850188745,2025-07-30 04:36:28.745000,9.44,1.805,17.039199999999997,sell,True,153081931,153081931
TRUMP/USDT,43955516,1753850188773,2025-07-30 04:36:28.773000,9.44,2.901,27.385439999999996,sell,True,153081932,153081932
TRUMP/USDT,43955517,1753850188786,2025-07-30 04:36:28.786000,9.44,1.324,12.49856,sell,True,153081933,153081933
TRUMP/USDT,43955518,1753850188811,2025-07-30 04:36:28.811000,9.44,2.744,25.90336,sell,True,153081934,153081934
TRUMP/USDT,43955519,1753850188824,2025-07-30 04:36:28.824000,9.44,0.366,3.45504,sell,True,153081935,153081935
TRUMP/USDT,43955520,1753850188844,2025-07-30 04:36:28.844000,9.44,70.05,661.2719999999999,sell,True,153081936,153081951
TRUMP/USDT,43955521,1753850188961,2025-07-30 04:36:28.961000,9.43,9.13,86.0959,sell,True,153081952,153081953
TRUMP/USDT,43955522,1753850189017,2025-07-30 04:36:29.017000,9.43,3.228,30.44004,sell,True,153081954,153081954
TRUMP/USDT,43955523,1753850195727,2025-07-30 04:36:35.727000,9.44,1.003,9.468319999999999,buy,False,153081955,153081955
TRUMP/USDT,43955524,1753850234920,2025-07-30 04:37:14.920000,9.44,1.003,9.468319999999999,buy,False,153081956,153081956
TRUMP/USDT,43955525,1753850242349,2025-07-30 04:37:22.349000,9.43,50.0,471.5,sell,True,153081957,153081957
TRUMP/USDT,43955526,1753850259039,2025-07-30 04:37:39.039000,9.43,0.149,1.4050699999999998,sell,True,153081958,153081958
TRUMP/USDT,43955527,1753850261158,2025-07-30 04:37:41.158000,9.43,15.787,148.87141,sell,True,153081959,153081959
TRUMP/USDT,43955528,1753850262631,2025-07-30 04:37:42.631000,9.43,58.246,549.25978,sell,True,153081960,153081960
TRUMP/USDT,43955529,1753850271975,2025-07-30 04:37:51.975000,9.44,4.661,43.99983999999999,buy,False,153081961,153081961
TRUMP/USDT,43955530,1753850281402,2025-07-30 04:38:01.402000,9.43,1.024,9.65632,sell,True,153081962,153081962
TRUMP/USDT,43955531,1753850291121,2025-07-30 04:38:11.121000,9.43,99.876,941.83068,sell,True,153081963,153081963
TRUMP/USDT,43955533,1753850293241,2025-07-30 04:38:13.241000,9.42,1417.208,13350.09936,sell,True,153082012,153082016
TRUMP/USDT,43955532,1753850293241,2025-07-30 04:38:13.241000,9.43,4952.218,46699.41574,sell,True,153081964,153082011
TRUMP/USDT,43955534,1753850293244,2025-07-30 04:38:13.244000,9.43,30.699,289.49157,buy,False,153082017,153082017
TRUMP/USDT,43955535,1753850293246,2025-07-30 04:38:13.246000,9.43,164.12,1547.6516,buy,False,153082018,153082020
TRUMP/USDT,43955536,1753850293256,2025-07-30 04:38:13.256000,9.43,159.16,1500.8788,buy,False,153082021,153082021
TRUMP/USDT,43955537,1753850310012,2025-07-30 04:38:30.012000,9.43,132.439,1248.89977,buy,False,153082022,153082043
TRUMP/USDT,43955538,1753850310012,2025-07-30 04:38:30.012000,9.43,132.439,1248.89977,buy,False,153082044,153082048
TRUMP/USDT,43955539,1753850310012,2025-07-30 04:38:30.012000,9.43,132.439,1248.89977,buy,False,153082049,153082050
TRUMP/USDT,43955540,1753850310012,2025-07-30 04:38:30.012000,9.43,132.439,1248.89977,buy,False,153082051,153082052
TRUMP/USDT,43955541,1753850310012,2025-07-30 04:38:30.012000,9.43,132.439,1248.89977,buy,False,153082053,153082055
TRUMP/USDT,43955542,1753850310012,2025-07-30 04:38:30.012000,9.43,132.439,1248.89977,buy,False,153082056,153082057
TRUMP/USDT,43955544,1753850310014,2025-07-30 04:38:30.014000,9.43,100.428,947.03604,buy,False,153082061,153082063
TRUMP/USDT,43955543,1753850310014,2025-07-30 04:38:30.014000,9.43,86.626,816.88318,buy,False,153082058,153082060
TRUMP/USDT,43955545,1753850310022,2025-07-30 04:38:30.022000,9.43,9.13,86.0959,buy,False,153082064,153082064
TRUMP/USDT,43955546,1753850310035,2025-07-30 04:38:30.035000,9.43,9.13,86.0959,buy,False,153082065,153082065
TRUMP/USDT,43955547,1753850310045,2025-07-30 04:38:30.045000,9.43,28.455,268.33065,buy,False,153082066,153082075
TRUMP/USDT,43955548,1753850310168,2025-07-30 04:38:30.168000,9.44,9.13,86.1872,buy,False,153082076,153082076
TRUMP/USDT,43955549,1753850311937,2025-07-30 04:38:31.937000,9.43,15.0,141.45,sell,True,153082077,153082086
TRUMP/USDT,43955550,1753850311940,2025-07-30 04:38:31.940000,9.43,46.47,438.21209999999996,sell,True,153082087,153082092
TRUMP/USDT,43955551,1753850311964,2025-07-30 04:38:31.964000,9.42,9.02,84.96839999999999,sell,True,153082093,153082093
TRUMP/USDT,43955552,1753850313185,2025-07-30 04:38:33.185000,9.43,9.13,86.0959,buy,False,153082094,153082106
TRUMP/USDT,43955553,1753850313212,2025-07-30 04:38:33.212000,9.43,14.621,137.87603,buy,False,153082107,153082120
TRUMP/USDT,43955554,1753850313225,2025-07-30 04:38:33.225000,9.43,1.284,12.10812,buy,False,153082121,153082129
TRUMP/USDT,43955555,1753850313254,2025-07-30 04:38:33.254000,9.44,7.846,74.06624,buy,False,153082130,153082130
TRUMP/USDT,43955556,1753850313306,2025-07-30 04:38:33.306000,9.43,16.173,152.51138999999998,sell,True,153082131,153082131
TRUMP/USDT,43955557,1753850313870,2025-07-30 04:38:33.870000,9.43,16.07,151.5401,sell,True,153082132,153082132
TRUMP/USDT,43955558,1753850313884,2025-07-30 04:38:33.884000,9.43,16.07,151.5401,sell,True,153082133,153082133
TRUMP/USDT,43955559,1753850313983,2025-07-30 04:38:33.983000,9.43,16.105,151.87015,sell,True,153082134,153082134
TRUMP/USDT,43955560,1753850313986,2025-07-30 04:38:33.986000,9.43,16.105,151.87015,sell,True,153082135,153082135
TRUMP/USDT,43955561,1753850314102,2025-07-30 04:38:34.102000,9.43,16.024,151.10632,sell,True,153082136,153082136
TRUMP/USDT,43955562,1753850314102,2025-07-30 04:38:34.102000,9.43,16.024,151.10632,sell,True,153082137,153082138
TRUMP/USDT,43955563,1753850314109,2025-07-30 04:38:34.109000,9.43,6.616,62.38887999999999,sell,True,153082139,153082139
TRUMP/USDT,43955564,1753850314111,2025-07-30 04:38:34.111000,9.43,6.616,62.38887999999999,sell,True,153082140,153082140
TRUMP/USDT,43955565,1753850315568,2025-07-30 04:38:35.568000,9.43,340.103,3207.1712899999998,sell,True,153082141,153082148
TRUMP/USDT,43955566,1753850317314,2025-07-30 04:38:37.314000,9.43,7.892,74.42156,sell,True,153082149,153082149
TRUMP/USDT,43955567,1753850321736,2025-07-30 04:38:41.736000,9.43,7.353,69.33878999999999,sell,True,153082150,153082150
TRUMP/USDT,43955568,1753850326144,2025-07-30 04:38:46.144000,9.43,54.273,511.79439,sell,True,153082151,153082151
TRUMP/USDT,43955569,1753850331989,2025-07-30 04:38:51.989000,9.43,100.0,943.0,sell,True,153082152,153082152
TRUMP/USDT,43955570,1753850344970,2025-07-30 04:39:04.970000,9.43,54.166,510.78538,sell,True,153082153,153082154
TRUMP/USDT,43955571,1753850382079,2025-07-30 04:39:42.079000,9.43,1.137,10.72191,sell,True,153082155,153082155
TRUMP/USDT,43955572,1753850387769,2025-07-30 04:39:47.769000,9.43,2.657,25.055509999999998,sell,True,153082156,153082156
TRUMP/USDT,43955573,1753850393178,2025-07-30 04:39:53.178000,9.43,446.457,4210.08951,sell,True,153082157,153082158
TRUMP/USDT,43955574,1753850431692,2025-07-30 04:40:31.692000,9.43,3.894,36.72042,sell,True,153082159,153082159
TRUMP/USDT,43955575,1753850437343,2025-07-30 04:40:37.343000,9.43,15.0,141.45,sell,True,153082160,153082163
TRUMP/USDT,43955576,1753850437471,2025-07-30 04:40:37.471000,9.43,26.805,252.77114999999998,sell,True,153082164,153082181
TRUMP/USDT,43955577,1753850437482,2025-07-30 04:40:37.482000,9.43,1.974,18.614819999999998,sell,True,153082182,153082182
TRUMP/USDT,43955578,1753850437493,2025-07-30 04:40:37.493000,9.43,11.147,105.11621,sell,True,153082183,153082183
TRUMP/USDT,43955579,1753850437628,2025-07-30 04:40:37.628000,9.43,3.78,35.645399999999995,sell,True,153082184,153082185
TRUMP/USDT,43955580,1753850437629,2025-07-30 04:40:37.629000,9.43,11.22,105.80460000000001,sell,True,153082186,153082186
TRUMP/USDT,43955581,1753850437631,2025-07-30 04:40:37.631000,9.43,10.993,103.66399,sell,True,153082187,153082187
TRUMP/USDT,43955582,1753850437645,2025-07-30 04:40:37.645000,9.43,2.149,20.265069999999998,sell,True,153082188,153082188
TRUMP/USDT,43955583,1753850437711,2025-07-30 04:40:37.711000,9.43,4.23,39.8889,sell,True,153082189,153082189
TRUMP/USDT,43955584,1753850439611,2025-07-30 04:40:39.611000,9.43,15.0,141.45,sell,True,153082190,153082190
TRUMP/USDT,43955585,1753850439630,2025-07-30 04:40:39.630000,9.43,15.0,141.45,sell,True,153082191,153082191
TRUMP/USDT,43955586,1753850441643,2025-07-30 04:40:41.643000,9.43,15.0,141.45,sell,True,153082192,153082192
TRUMP/USDT,43955587,1753850442123,2025-07-30 04:40:42.123000,9.43,15.0,141.45,sell,True,153082193,153082193
TRUMP/USDT,43955588,1753850442347,2025-07-30 04:40:42.347000,9.44,0.625,5.8999999999999995,buy,False,153082194,153082198
TRUMP/USDT,43955589,1753850443694,2025-07-30 04:40:43.694000,9.43,15.0,141.45,sell,True,153082199,153082199
TRUMP/USDT,43955590,1753850443757,2025-07-30 04:40:43.757000,9.43,6.16,58.0888,sell,True,153082200,153082200
TRUMP/USDT,43955591,1753850444634,2025-07-30 04:40:44.634000,9.43,15.0,141.45,sell,True,153082201,153082201
TRUMP/USDT,43955592,1753850445721,2025-07-30 04:40:45.721000,9.43,15.0,141.45,sell,True,153082202,153082202
TRUMP/USDT,43955593,1753850445970,2025-07-30 04:40:45.970000,9.44,0.179,1.68976,buy,False,153082203,153082204
TRUMP/USDT,43955594,1753850447148,2025-07-30 04:40:47.148000,9.43,15.0,141.45,sell,True,153082205,153082205
TRUMP/USDT,43955595,1753850447530,2025-07-30 04:40:47.530000,9.43,1.195,11.26885,sell,True,153082206,153082206
TRUMP/USDT,43955596,1753850447755,2025-07-30 04:40:47.755000,9.43,15.0,141.45,sell,True,153082207,153082207
TRUMP/USDT,43955597,1753850449773,2025-07-30 04:40:49.773000,9.43,15.0,141.45,sell,True,153082208,153082208
TRUMP/USDT,43955598,1753850449844,2025-07-30 04:40:49.844000,9.43,63.087,594.9104100000001,sell,True,153082209,153082226
TRUMP/USDT,43955599,1753850449998,2025-07-30 04:40:49.998000,9.43,11.15,105.1445,buy,False,153082227,153082227
TRUMP/USDT,43955600,1753850453139,2025-07-30 04:40:53.139000,9.42,0.961,9.05262,sell,True,153082228,153082228
TRUMP/USDT,43955601,1753850453344,2025-07-30 04:40:53.344000,9.43,25.631,241.70033,buy,False,153082229,153082247
TRUMP/USDT,43955602,1753850455459,2025-07-30 04:40:55.459000,9.43,6.16,58.0888,sell,True,153082248,153082256
TRUMP/USDT,43955603,1753850456063,2025-07-30 04:40:56.063000,9.43,15.0,141.45,sell,True,153082257,153082257
TRUMP/USDT,43955604,1753850456489,2025-07-30 04:40:56.489000,9.43,2.166,20.425379999999997,sell,True,153082258,153082268
TRUMP/USDT,43955605,1753850476929,2025-07-30 04:41:16.929000,9.43,0.986,9.297979999999999,buy,False,153082269,153082269
TRUMP/USDT,43955606,1753850483278,2025-07-30 04:41:23.278000,9.43,1.06,9.995800000000001,buy,False,153082270,153082270
TRUMP/USDT,43955607,1753850499770,2025-07-30 04:41:39.770000,9.43,9.13,86.0959,buy,False,153082271,153082274
TRUMP/USDT,43955608,1753850499778,2025-07-30 04:41:39.778000,9.43,9.13,86.0959,buy,False,153082275,153082275
TRUMP/USDT,43955609,1753850499789,2025-07-30 04:41:39.789000,9.43,9.13,86.0959,buy,False,153082276,153082286
TRUMP/USDT,43955610,1753850499808,2025-07-30 04:41:39.808000,9.43,106.782,1006.95426,buy,False,153082287,153082301
TRUMP/USDT,43955611,1753850499817,2025-07-30 04:41:39.817000,9.43,1.284,12.10812,buy,False,153082302,153082310
TRUMP/USDT,43955612,1753850499858,2025-07-30 04:41:39.858000,9.44,16.976,160.25343999999998,buy,False,153082311,153082323
TRUMP/USDT,43955613,1753850502268,2025-07-30 04:41:42.268000,9.43,15.0,141.45,sell,True,153082324,153082324
TRUMP/USDT,43955614,1753850519814,2025-07-30 04:41:59.814000,9.43,15.0,141.45,sell,True,153082325,153082325
TRUMP/USDT,43955615,1753850549633,2025-07-30 04:42:29.633000,9.43,170.834,1610.96462,sell,True,153082326,153082332
TRUMP/USDT,43955616,1753850566213,2025-07-30 04:42:46.213000,9.44,10.593,99.99792,buy,False,153082333,153082333
TRUMP/USDT,43955617,1753850584182,2025-07-30 04:43:04.182000,9.44,194.491,1835.99504,buy,False,153082334,153082334
TRUMP/USDT,43955618,1753850584184,2025-07-30 04:43:04.184000,9.44,47.41,447.55039999999997,buy,False,153082335,153082356
TRUMP/USDT,43955619,1753850608982,2025-07-30 04:43:28.982000,9.44,161.377,1523.39888,sell,True,153082357,153082358
TRUMP/USDT,43955620,1753850621346,2025-07-30 04:43:41.346000,9.45,2.116,19.996199999999998,buy,False,153082359,153082365
TRUMP/USDT,43955621,1753850622782,2025-07-30 04:43:42.782000,9.45,1573.074,14865.549299999999,buy,False,153082366,153082388
TRUMP/USDT,43955622,1753850622798,2025-07-30 04:43:42.798000,9.45,2.034,19.221299999999996,buy,False,153082389,153082398
TRUMP/USDT,43955623,1753850622829,2025-07-30 04:43:42.829000,9.46,114.491,1083.0848600000002,buy,False,153082399,153082399
TRUMP/USDT,43955624,1753850630417,2025-07-30 04:43:50.417000,9.45,1.0,9.45,sell,True,153082400,153082400
TRUMP/USDT,43955625,1753850642188,2025-07-30 04:44:02.188000,9.45,21.299,201.27554999999998,sell,True,153082401,153082401
TRUMP/USDT,43955626,1753850642445,2025-07-30 04:44:02.445000,9.45,15.0,141.75,sell,True,153082402,153082402
TRUMP/USDT,43955627,1753850644804,2025-07-30 04:44:04.804000,9.45,12.62,119.25899999999999,sell,True,153082403,153082404
TRUMP/USDT,43955628,1753850651705,2025-07-30 04:44:11.705000,9.45,194.044,1833.7158,sell,True,153082405,153082412
TRUMP/USDT,43955629,1753850651709,2025-07-30 04:44:11.709000,9.45,28.099,265.53555,sell,True,153082413,153082432
TRUMP/USDT,43955630,1753850680437,2025-07-30 04:44:40.437000,9.45,0.984,9.2988,buy,False,153082433,153082438
TRUMP/USDT,43955631,1753850680709,2025-07-30 04:44:40.709000,9.45,268.99,2541.9555,buy,False,153082439,153082456
TRUMP/USDT,43955632,1753850716629,2025-07-30 04:45:16.629000,9.45,50.776,479.8332,sell,True,153082457,153082457
TRUMP/USDT,43955633,1753850716641,2025-07-30 04:45:16.641000,9.45,119.85,1132.5824999999998,sell,True,153082458,153082458
TRUMP/USDT,43955634,1753850716688,2025-07-30 04:45:16.688000,9.45,148.01,1398.6944999999998,sell,True,153082459,153082459
TRUMP/USDT,43955635,1753850716772,2025-07-30 04:45:16.772000,9.45,9.02,85.23899999999999,sell,True,153082460,153082460
TRUMP/USDT,43955636,1753850716777,2025-07-30 04:45:16.777000,9.45,28.079,265.34655,sell,True,153082461,153082461
TRUMP/USDT,43955637,1753850716835,2025-07-30 04:45:16.835000,9.45,113.2,1069.74,sell,True,153082462,153082462
TRUMP/USDT,43955638,1753850716916,2025-07-30 04:45:16.916000,9.45,113.27,1070.4015,sell,True,153082463,153082463
TRUMP/USDT,43955639,1753850716934,2025-07-30 04:45:16.934000,9.45,220.096,2079.9072,sell,True,153082464,153082480
TRUMP/USDT,43955640,1753850716934,2025-07-30 04:45:16.934000,9.45,0.428,4.0446,sell,True,153082481,153082483
TRUMP/USDT,43955641,1753850716934,2025-07-30 04:45:16.934000,9.44,10.882,102.72608,sell,True,153082484,153082484
TRUMP/USDT,43955642,1753850723361,2025-07-30 04:45:23.361000,9.45,0.491,4.63995,buy,False,153082485,153082485
TRUMP/USDT,43955643,1753850750530,2025-07-30 04:45:50.530000,9.45,2.068,19.5426,buy,False,153082486,153082486
TRUMP/USDT,43955644,1753850751087,2025-07-30 04:45:51.087000,9.44,99.0,934.56,sell,True,153082487,153082490
TRUMP/USDT,43955645,1753850762728,2025-07-30 04:46:02.728000,9.44,7.81,73.7264,sell,True,153082491,153082491
TRUMP/USDT,43955646,1753850800370,2025-07-30 04:46:40.370000,9.45,0.212,2.0033999999999996,buy,False,153082492,153082492
TRUMP/USDT,43955647,1753850826733,2025-07-30 04:47:06.733000,9.45,10.582,99.9999,buy,False,153082493,153082497
TRUMP/USDT,43955648,1753850826763,2025-07-30 04:47:06.763000,9.45,5.884,55.6038,buy,False,153082498,153082505
TRUMP/USDT,43955649,1753850836854,2025-07-30 04:47:16.854000,9.45,10.052,94.99139999999998,buy,False,153082506,153082507
TRUMP/USDT,43955650,1753850851125,2025-07-30 04:47:31.125000,9.45,3.0,28.349999999999998,buy,False,153082508,153082508
TRUMP/USDT,43955651,1753850858567,2025-07-30 04:47:38.567000,9.44,51.832,489.29408,sell,True,153082509,153082509
TRUMP/USDT,43955652,1753850869863,2025-07-30 04:47:49.863000,9.44,28.483,268.87952,sell,True,153082510,153082515
TRUMP/USDT,43955653,1753850869867,2025-07-30 04:47:49.867000,9.44,31.343,295.87791999999996,sell,True,153082516,153082542
TRUMP/USDT,43955654,1753850872765,2025-07-30 04:47:52.765000,9.44,180.554,1704.42976,buy,False,153082543,153082552
TRUMP/USDT,43955655,1753850872768,2025-07-30 04:47:52.768000,9.44,0.494,4.66336,buy,False,153082553,153082556
TRUMP/USDT,43955656,1753850872862,2025-07-30 04:47:52.862000,9.45,9.13,86.2785,buy,False,153082557,153082557
TRUMP/USDT,43955657,1753850874545,2025-07-30 04:47:54.545000,9.44,2.196,20.730240000000002,sell,True,153082558,153082567
TRUMP/USDT,43955658,1753850886950,2025-07-30 04:48:06.950000,9.43,6.243,58.87149,sell,True,153082568,153082568
TRUMP/USDT,43955659,1753850889235,2025-07-30 04:48:09.235000,9.43,19.0,179.17,sell,True,153082569,153082569
TRUMP/USDT,43955660,1753850899618,2025-07-30 04:48:19.618000,9.44,4.89,46.16159999999999,buy,False,153082570,153082570
TRUMP/USDT,43955661,1753850924860,2025-07-30 04:48:44.860000,9.44,48.449,457.35855999999995,buy,False,153082571,153082571
TRUMP/USDT,43955662,1753850927753,2025-07-30 04:48:47.753000,9.44,95.24,899.0655999999999,buy,False,153082572,153082572
TRUMP/USDT,43955663,1753850943270,2025-07-30 04:49:03.270000,9.43,0.132,1.24476,sell,True,153082573,153082573
TRUMP/USDT,43955664,1753850948549,2025-07-30 04:49:08.549000,9.43,33.377,314.74511,sell,True,153082574,153082574
TRUMP/USDT,43955665,1753850962458,2025-07-30 04:49:22.458000,9.43,43.586,411.01597999999996,sell,True,153082575,153082575
TRUMP/USDT,43955666,1753850992037,2025-07-30 04:49:52.037000,9.44,48.682,459.55808,buy,False,153082576,153082593
TRUMP/USDT,43955667,1753850992037,2025-07-30 04:49:52.037000,9.45,84.033,794.11185,buy,False,153082594,153082594
TRUMP/USDT,43955668,1753850992061,2025-07-30 04:49:52.061000,9.45,9.13,86.2785,buy,False,153082595,153082595
TRUMP/USDT,43955669,1753850995720,2025-07-30 04:49:55.720000,9.44,8.111,76.56784,sell,True,153082596,153082596
TRUMP/USDT,43955670,1753850995722,2025-07-30 04:49:55.722000,9.44,8.111,76.56784,sell,True,153082597,153082597
TRUMP/USDT,43955671,1753850995757,2025-07-30 04:49:55.757000,9.44,3.244,30.62336,sell,True,153082598,153082598
TRUMP/USDT,43955672,1753850995760,2025-07-30 04:49:55.760000,9.44,3.244,30.62336,sell,True,153082599,153082599
TRUMP/USDT,43955673,1753850995770,2025-07-30 04:49:55.770000,9.44,2.271,21.438239999999997,sell,True,153082600,153082600
TRUMP/USDT,43955674,1753850995773,2025-07-30 04:49:55.773000,9.44,2.271,21.438239999999997,sell,True,153082601,153082601
TRUMP/USDT,43955675,1753850995806,2025-07-30 04:49:55.806000,9.44,16.476,155.53343999999998,sell,True,153082602,153082602
TRUMP/USDT,43955676,1753850995810,2025-07-30 04:49:55.810000,9.44,16.476,155.53343999999998,sell,True,153082603,153082603
TRUMP/USDT,43955677,1753850995818,2025-07-30 04:49:55.818000,9.44,11.534,108.88096,sell,True,153082604,153082604
TRUMP/USDT,43955678,1753850995821,2025-07-30 04:49:55.821000,9.44,11.534,108.88096,sell,True,153082605,153082605
TRUMP/USDT,43955679,1753850995822,2025-07-30 04:49:55.822000,9.44,6.591,62.21904,sell,True,153082606,153082606
TRUMP/USDT,43955680,1753850995829,2025-07-30 04:49:55.829000,9.44,6.591,62.21904,sell,True,153082607,153082610
TRUMP/USDT,43955681,1753850995831,2025-07-30 04:49:55.831000,9.44,3.131,29.556639999999998,sell,True,153082611,153082611
TRUMP/USDT,43955682,1753850995834,2025-07-30 04:49:55.834000,9.44,3.131,29.556639999999998,sell,True,153082612,153082612
TRUMP/USDT,43955684,1753850995945,2025-07-30 04:49:55.945000,9.44,2.458,23.20352,sell,True,153082614,153082614
TRUMP/USDT,43955683,1753850995945,2025-07-30 04:49:55.945000,9.44,3.508,33.11552,sell,True,153082613,153082613
TRUMP/USDT,43955685,1753850995946,2025-07-30 04:49:55.946000,9.44,3.508,33.11552,sell,True,153082615,153082615
TRUMP/USDT,43955686,1753850995946,2025-07-30 04:49:55.946000,9.44,2.458,23.20352,sell,True,153082616,153082616
TRUMP/USDT,43955687,1753850996034,2025-07-30 04:49:56.034000,9.44,16.388,154.70272,sell,True,153082617,153082617
TRUMP/USDT,43955688,1753850996037,2025-07-30 04:49:56.037000,9.44,16.388,154.70272,sell,True,153082618,153082618
TRUMP/USDT,43955689,1753850996047,2025-07-30 04:49:56.047000,9.44,11.507,108.62607999999999,sell,True,153082619,153082619
TRUMP/USDT,43955690,1753850996050,2025-07-30 04:49:56.050000,9.44,6.627,62.558879999999995,sell,True,153082620,153082620
TRUMP/USDT,43955691,1753850996051,2025-07-30 04:49:56.051000,9.44,11.507,108.62607999999999,sell,True,153082621,153082621
TRUMP/USDT,43955692,1753850996054,2025-07-30 04:49:56.054000,9.44,6.627,62.558879999999995,sell,True,153082622,153082622
TRUMP/USDT,43955693,1753850996141,2025-07-30 04:49:56.141000,9.44,25.033,236.31152,sell,True,153082623,153082623
TRUMP/USDT,43955694,1753850996153,2025-07-30 04:49:56.153000,9.44,16.171,152.65424,sell,True,153082624,153082624
TRUMP/USDT,43955695,1753850996155,2025-07-30 04:49:56.155000,9.44,16.171,152.65424,sell,True,153082625,153082625
TRUMP/USDT,43955696,1753850996155,2025-07-30 04:49:56.155000,9.44,11.391,107.53103999999999,sell,True,153082626,153082626
TRUMP/USDT,43955697,1753850996159,2025-07-30 04:49:56.159000,9.44,11.391,107.53103999999999,sell,True,153082627,153082627
TRUMP/USDT,43955698,1753850996159,2025-07-30 04:49:56.159000,9.44,8.024,75.74655999999999,sell,True,153082628,153082628
TRUMP/USDT,43955699,1753850996160,2025-07-30 04:49:56.160000,9.44,8.024,75.74655999999999,sell,True,153082629,153082629
TRUMP/USDT,43955700,1753850996161,2025-07-30 04:49:56.161000,9.44,5.652,53.35488,sell,True,153082630,153082630
TRUMP/USDT,43955701,1753850996165,2025-07-30 04:49:56.165000,9.44,5.652,53.35488,sell,True,153082631,153082631
TRUMP/USDT,43955702,1753850996168,2025-07-30 04:49:56.168000,9.44,11.391,107.53103999999999,sell,True,153082632,153082632
TRUMP/USDT,43955703,1753850996170,2025-07-30 04:49:56.170000,9.44,6.611,62.40783999999999,sell,True,153082633,153082633
TRUMP/USDT,43955706,1753850996172,2025-07-30 04:49:56.172000,9.44,11.391,107.53103999999999,sell,True,153082636,153082636
TRUMP/USDT,43955704,1753850996172,2025-07-30 04:49:56.172000,9.44,6.611,62.40783999999999,sell,True,153082634,153082634
TRUMP/USDT,43955705,1753850996172,2025-07-30 04:49:56.172000,9.44,3.244,30.62336,sell,True,153082635,153082635
TRUMP/USDT,43955707,1753851003160,2025-07-30 04:50:03.160000,9.44,0.745,7.0328,sell,True,153082637,153082637
TRUMP/USDT,43955708,1753851006126,2025-07-30 04:50:06.126000,9.44,15.0,141.6,sell,True,153082638,153082638
TRUMP/USDT,43955709,1753851010455,2025-07-30 04:50:10.455000,9.44,6.16,58.1504,sell,True,153082639,153082643
TRUMP/USDT,43955710,1753851010455,2025-07-30 04:50:10.455000,9.44,0.11,1.0384,sell,True,153082644,153082644
TRUMP/USDT,43955711,1753851012277,2025-07-30 04:50:12.277000,9.45,0.184,1.7388,buy,False,153082645,153082645
TRUMP/USDT,43955712,1753851014133,2025-07-30 04:50:14.133000,9.44,2098.598,19810.76512,sell,True,153082646,153082662
TRUMP/USDT,43955713,1753851014136,2025-07-30 04:50:14.136000,9.44,247.013,2331.80272,sell,True,153082663,153082667
TRUMP/USDT,43955714,1753851014136,2025-07-30 04:50:14.136000,9.44,387.462,3657.64128,sell,True,153082668,153082671
TRUMP/USDT,43955715,1753851014157,2025-07-30 04:50:14.157000,9.43,8.85,83.4555,sell,True,153082672,153082672
TRUMP/USDT,43955716,1753851018095,2025-07-30 04:50:18.095000,9.43,0.954,8.99622,sell,True,153082673,153082673
TRUMP/USDT,43955717,1753851033398,2025-07-30 04:50:33.398000,9.43,3.368,31.76024,sell,True,153082674,153082674
TRUMP/USDT,43955718,1753851058204,2025-07-30 04:50:58.204000,9.44,1.059,9.99696,buy,False,153082675,153082679
TRUMP/USDT,43955719,1753851064749,2025-07-30 04:51:04.749000,9.44,0.953,8.996319999999999,buy,False,153082680,153082680
TRUMP/USDT,43955720,1753851065985,2025-07-30 04:51:05.985000,9.44,30.944,292.11136,buy,False,153082681,153082694
TRUMP/USDT,43955721,1753851065985,2025-07-30 04:51:05.985000,9.44,0.112,1.05728,buy,False,153082695,153082695
TRUMP/USDT,43955722,1753851066065,2025-07-30 04:51:06.065000,9.45,9.13,86.2785,buy,False,153082696,153082696
TRUMP/USDT,43955723,1753851091639,2025-07-30 04:51:31.639000,9.44,28.134,265.58495999999997,sell,True,153082697,153082715
TRUMP/USDT,43955724,1753851096398,2025-07-30 04:51:36.398000,9.43,3.769,35.54167,sell,True,153082716,153082716
TRUMP/USDT,43955725,1753851112525,2025-07-30 04:51:52.525000,9.44,1.836,17.33184,buy,False,153082717,153082717
TRUMP/USDT,43955726,1753851137768,2025-07-30 04:52:17.768000,9.43,0.33,3.1119,sell,True,153082718,153082718
TRUMP/USDT,43955727,1753851148345,2025-07-30 04:52:28.345000,9.44,1811.615,17101.6456,buy,False,153082719,153082738
TRUMP/USDT,43955728,1753851172524,2025-07-30 04:52:52.524000,9.44,10.487,98.99727999999999,buy,False,153082739,153082739
TRUMP/USDT,43955729,1753851177868,2025-07-30 04:52:57.868000,9.44,132.891,1254.4910399999999,buy,False,153082740,153082740
TRUMP/USDT,43955730,1753851182715,2025-07-30 04:53:02.715000,9.44,1.295,12.224799999999998,buy,False,153082741,153082741
TRUMP/USDT,43955731,1753851183090,2025-07-30 04:53:03.090000,9.43,10.26,96.75179999999999,sell,True,153082742,153082742
TRUMP/USDT,43955732,1753851195896,2025-07-30 04:53:15.896000,9.44,1.692,15.97248,buy,False,153082743,153082743
TRUMP/USDT,43955733,1753851197736,2025-07-30 04:53:17.736000,9.44,2.936,27.715839999999996,buy,False,153082744,153082744
TRUMP/USDT,43955734,1753851210028,2025-07-30 04:53:30.028000,9.43,0.108,1.01844,sell,True,153082745,153082745
TRUMP/USDT,43955735,1753851219382,2025-07-30 04:53:39.382000,9.44,29.474,278.23456,buy,False,153082746,153082747
TRUMP/USDT,43955736,1753851219384,2025-07-30 04:53:39.384000,9.44,13.363,126.14671999999999,buy,False,153082748,153082749
TRUMP/USDT,43955737,1753851219385,2025-07-30 04:53:39.385000,9.44,45.444,428.99136,buy,False,153082750,153082750
TRUMP/USDT,43955738,1753851219387,2025-07-30 04:53:39.387000,9.44,16.406,154.87264,buy,False,153082751,153082751
TRUMP/USDT,43955739,1753851221662,2025-07-30 04:53:41.662000,9.44,36.733,346.75951999999995,buy,False,153082752,153082766
TRUMP/USDT,43955740,1753851221662,2025-07-30 04:53:41.662000,9.44,0.27,2.5488,buy,False,153082767,153082768
TRUMP/USDT,43955741,1753851221700,2025-07-30 04:53:41.700000,9.44,93.101,878.87344,sell,True,153082769,153082769
TRUMP/USDT,43955742,1753851229788,2025-07-30 04:53:49.788000,9.45,0.993,9.383849999999999,buy,False,153082770,153082770
TRUMP/USDT,43955743,1753851230744,2025-07-30 04:53:50.744000,9.44,11.4,107.616,sell,True,153082771,153082780
TRUMP/USDT,43955744,1753851284689,2025-07-30 04:54:44.689000,9.44,6.355,59.9912,sell,True,153082781,153082781
TRUMP/USDT,43955745,1753851287935,2025-07-30 04:54:47.935000,9.44,15.0,141.6,sell,True,153082782,153082782
TRUMP/USDT,43955746,1753851290714,2025-07-30 04:54:50.714000,9.44,11.27,106.38879999999999,sell,True,153082783,153082783
TRUMP/USDT,43955747,1753851290832,2025-07-30 04:54:50.832000,9.44,3.73,35.2112,sell,True,153082784,153082784
TRUMP/USDT,43955748,1753851291634,2025-07-30 04:54:51.634000,9.44,4.15,39.176,sell,True,153082785,153082785
TRUMP/USDT,43955749,1753851291753,2025-07-30 04:54:51.753000,9.44,16.253,153.42831999999999,sell,True,153082786,153082786
TRUMP/USDT,43955750,1753851291756,2025-07-30 04:54:51.756000,9.44,16.253,153.42831999999999,sell,True,153082787,153082787
TRUMP/USDT,43955751,1753851291932,2025-07-30 04:54:51.932000,9.44,16.247,153.37168,sell,True,153082788,153082788
TRUMP/USDT,43955752,1753851291932,2025-07-30 04:54:51.932000,9.44,11.456,108.14464,sell,True,153082789,153082789
TRUMP/USDT,43955753,1753851291933,2025-07-30 04:54:51.933000,9.44,3.289,31.04816,sell,True,153082790,153082790
TRUMP/USDT,43955754,1753851291933,2025-07-30 04:54:51.933000,9.44,6.666,62.92704,sell,True,153082791,153082791
TRUMP/USDT,43955757,1753851291934,2025-07-30 04:54:51.934000,9.44,6.666,62.92704,sell,True,153082794,153082794
TRUMP/USDT,43955755,1753851291934,2025-07-30 04:54:51.934000,9.44,16.247,153.37168,sell,True,153082792,153082792
TRUMP/USDT,43955756,1753851291934,2025-07-30 04:54:51.934000,9.44,11.456,108.14464,sell,True,153082793,153082793
TRUMP/USDT,43955758,1753851291935,2025-07-30 04:54:51.935000,9.44,3.289,31.04816,sell,True,153082795,153082795
TRUMP/USDT,43955759,1753851291980,2025-07-30 04:54:51.980000,9.44,15.0,141.6,sell,True,153082796,153082796
TRUMP/USDT,43955760,1753851291985,2025-07-30 04:54:51.985000,9.44,11.607,109.57007999999999,sell,True,153082797,153082797
TRUMP/USDT,43955761,1753851291990,2025-07-30 04:54:51.990000,9.44,11.607,109.57007999999999,sell,True,153082798,153082798
TRUMP/USDT,43955762,1753851291996,2025-07-30 04:54:51.996000,9.44,8.193,77.34191999999999,sell,True,153082799,153082799
TRUMP/USDT,43955763,1753851291999,2025-07-30 04:54:51.999000,9.44,8.193,77.34191999999999,sell,True,153082800,153082800
TRUMP/USDT,43955764,1753851291999,2025-07-30 04:54:51.999000,9.44,4.78,45.1232,sell,True,153082801,153082801
TRUMP/USDT,43955765,1753851292001,2025-07-30 04:54:52.001000,9.44,8.193,77.34191999999999,sell,True,153082802,153082802
TRUMP/USDT,43955767,1753851292003,2025-07-30 04:54:52.003000,9.44,4.78,45.1232,sell,True,153082804,153082804
TRUMP/USDT,43955766,1753851292003,2025-07-30 04:54:52.003000,9.44,8.193,77.34191999999999,sell,True,153082803,153082803
TRUMP/USDT,43955768,1753851292013,2025-07-30 04:54:52.013000,9.44,2.37,22.3728,sell,True,153082805,153082805
TRUMP/USDT,43955769,1753851292017,2025-07-30 04:54:52.017000,9.44,2.37,22.3728,sell,True,153082806,153082806
TRUMP/USDT,43955770,1753851292112,2025-07-30 04:54:52.112000,9.44,3.204,30.24576,sell,True,153082807,153082807
TRUMP/USDT,43955771,1753851292114,2025-07-30 04:54:52.114000,9.44,3.204,30.24576,sell,True,153082808,153082808
TRUMP/USDT,43955772,1753851292114,2025-07-30 04:54:52.114000,9.44,2.266,21.39104,sell,True,153082809,153082809
TRUMP/USDT,43955773,1753851292118,2025-07-30 04:54:52.118000,9.44,2.266,21.39104,sell,True,153082810,153082810
TRUMP/USDT,43955774,1753851295889,2025-07-30 04:54:55.889000,9.45,199.288,1883.2716,buy,False,153082811,153082812
TRUMP/USDT,43955775,1753851304954,2025-07-30 04:55:04.954000,9.44,50.0,472.0,sell,True,153082813,153082813
TRUMP/USDT,43955776,1753851305068,2025-07-30 04:55:05.068000,9.44,0.653,6.16432,sell,True,153082814,153082814
TRUMP/USDT,43955777,1753851313045,2025-07-30 04:55:13.045000,9.44,18.464,174.30015999999998,sell,True,153082815,153082837
TRUMP/USDT,43955778,1753851313159,2025-07-30 04:55:13.159000,9.43,9.02,85.0586,sell,True,153082838,153082838
TRUMP/USDT,43955779,1753851325610,2025-07-30 04:55:25.610000,9.43,5.291,49.894130000000004,sell,True,153082839,153082839
TRUMP/USDT,43955780,1753851351222,2025-07-30 04:55:51.222000,9.44,1.16,10.950399999999998,buy,False,153082840,153082840
TRUMP/USDT,43955781,1753851367266,2025-07-30 04:56:07.266000,9.44,982.552,9275.29088,buy,False,153082841,153082870
TRUMP/USDT,43955782,1753851376365,2025-07-30 04:56:16.365000,9.44,1.588,14.99072,sell,True,153082871,153082871
TRUMP/USDT,43955783,1753851382308,2025-07-30 04:56:22.308000,9.45,85.835,811.1407499999999,buy,False,153082872,153082872
TRUMP/USDT,43955784,1753851386384,2025-07-30 04:56:26.384000,9.44,35.156,331.87264,sell,True,153082873,153082873
TRUMP/USDT,43955785,1753851419884,2025-07-30 04:56:59.884000,9.44,30.009,283.28496,sell,True,153082874,153082874
TRUMP/USDT,43955786,1753851421551,2025-07-30 04:57:01.551000,9.44,4.07,38.4208,sell,True,153082875,153082875
TRUMP/USDT,43955787,1753851421622,2025-07-30 04:57:01.622000,9.44,15.0,141.6,sell,True,153082876,153082877
TRUMP/USDT,43955788,1753851423481,2025-07-30 04:57:03.481000,9.44,15.0,141.6,sell,True,153082878,153082878
TRUMP/USDT,43955789,1753851423549,2025-07-30 04:57:03.549000,9.44,168.021,1586.1182399999998,sell,True,153082879,153082889
TRUMP/USDT,43955790,1753851423553,2025-07-30 04:57:03.553000,9.44,938.217,8856.768479999999,sell,True,153082890,153082900
TRUMP/USDT,43955791,1753851423557,2025-07-30 04:57:03.557000,9.44,30.296,285.99424,sell,True,153082901,153082901
TRUMP/USDT,43955792,1753851423565,2025-07-30 04:57:03.565000,9.44,7.113,67.14672,sell,True,153082902,153082902
TRUMP/USDT,43955793,1753851423580,2025-07-30 04:57:03.580000,9.44,1.253,11.828319999999998,sell,True,153082903,153082903
TRUMP/USDT,43955794,1753851423588,2025-07-30 04:57:03.588000,9.44,13.155,124.18319999999999,sell,True,153082904,153082904
TRUMP/USDT,43955795,1753851423631,2025-07-30 04:57:03.631000,9.44,0.518,4.88992,sell,True,153082905,153082905
TRUMP/USDT,43955796,1753851423662,2025-07-30 04:57:03.662000,9.44,0.372,3.5116799999999997,sell,True,153082906,153082906
TRUMP/USDT,43955797,1753851423688,2025-07-30 04:57:03.688000,9.44,1.813,17.11472,sell,True,153082907,153082907
TRUMP/USDT,43955798,1753851423724,2025-07-30 04:57:03.724000,9.44,352.999,3332.31056,sell,True,153082908,153082917
TRUMP/USDT,43955799,1753851423724,2025-07-30 04:57:03.724000,9.44,0.112,1.05728,sell,True,153082918,153082918
TRUMP/USDT,43955800,1753851425371,2025-07-30 04:57:05.371000,9.43,2.252,21.236359999999998,sell,True,153082919,153082919
TRUMP/USDT,43955801,1753851451168,2025-07-30 04:57:31.168000,9.43,3.28,30.9304,sell,True,153082920,153082920
TRUMP/USDT,43955802,1753851474366,2025-07-30 04:57:54.366000,9.44,45.753,431.90832,buy,False,153082921,153082921
TRUMP/USDT,43955803,1753851481325,2025-07-30 04:58:01.325000,9.44,66.402,626.83488,buy,False,153082922,153082922
TRUMP/USDT,43955804,1753851512168,2025-07-30 04:58:32.168000,9.43,6.959,65.62337,sell,True,153082923,153082923
TRUMP/USDT,43955805,1753851525948,2025-07-30 04:58:45.948000,9.43,15.0,141.45,sell,True,153082924,153082924
TRUMP/USDT,43955806,1753851525988,2025-07-30 04:58:45.988000,9.43,9.13,86.0959,sell,True,153082925,153082925
TRUMP/USDT,43955807,1753851526060,2025-07-30 04:58:46.060000,9.43,9.13,86.0959,sell,True,153082926,153082944
TRUMP/USDT,43955808,1753851526932,2025-07-30 04:58:46.932000,9.43,9.13,86.0959,sell,True,153082945,153082945
TRUMP/USDT,43955809,1753851526945,2025-07-30 04:58:46.945000,9.43,9.13,86.0959,sell,True,153082946,153082946
TRUMP/USDT,43955810,1753851527001,2025-07-30 04:58:47.001000,9.43,9.02,85.0586,sell,True,153082947,153082947
TRUMP/USDT,43955811,1753851527027,2025-07-30 04:58:47.027000,9.43,15.0,141.45,sell,True,153082948,153082948
TRUMP/USDT,43955812,1753851527671,2025-07-30 04:58:47.671000,9.43,746.323,7037.825889999999,sell,True,153082949,153082949
TRUMP/USDT,43955813,1753851527672,2025-07-30 04:58:47.672000,9.43,146.783,1384.1636899999999,sell,True,153082950,153082950
TRUMP/USDT,43955814,1753851527672,2025-07-30 04:58:47.672000,9.43,12.01,113.2543,sell,True,153082951,153082951
TRUMP/USDT,43955818,1753851527673,2025-07-30 04:58:47.673000,9.43,1310.95,12362.2585,sell,True,153082955,153082967
TRUMP/USDT,43955817,1753851527673,2025-07-30 04:58:47.673000,9.43,19.517,184.04531,sell,True,153082954,153082954
TRUMP/USDT,43955816,1753851527673,2025-07-30 04:58:47.673000,9.43,26.703,251.80928999999998,sell,True,153082953,153082953
TRUMP/USDT,43955815,1753851527673,2025-07-30 04:58:47.673000,9.43,29.574,278.88282,sell,True,153082952,153082952
TRUMP/USDT,43955819,1753851527674,2025-07-30 04:58:47.674000,9.43,691.72,6522.9196,sell,True,153082968,153082979
TRUMP/USDT,43955820,1753851551416,2025-07-30 04:59:11.416000,9.43,119.73,1129.0539,buy,False,153082980,153082992
TRUMP/USDT,43955821,1753851553466,2025-07-30 04:59:13.466000,9.43,204.568,1929.07624,buy,False,153082993,153082993
TRUMP/USDT,43955822,1753851553467,2025-07-30 04:59:13.467000,9.43,145.43,1371.4049,buy,False,153082994,153083008
TRUMP/USDT,43955823,1753851553556,2025-07-30 04:59:13.556000,9.44,8.75,82.6,buy,False,153083009,153083009
TRUMP/USDT,43955824,1753851562175,2025-07-30 04:59:22.175000,9.44,15.8,149.152,buy,False,153083010,153083010
TRUMP/USDT,43955825,1753851572817,2025-07-30 04:59:32.817000,9.44,79.449,749.99856,buy,False,153083011,153083011
TRUMP/USDT,43955826,1753851604378,2025-07-30 05:00:04.378000,9.44,0.861,8.127839999999999,buy,False,153083012,153083012
TRUMP/USDT,43955827,1753851605065,2025-07-30 05:00:05.065000,9.43,5.28,49.7904,sell,True,153083013,153083017
TRUMP/USDT,43955828,1753851605512,2025-07-30 05:00:05.512000,9.43,15.0,141.45,sell,True,153083018,153083018
TRUMP/USDT,43955829,1753851644346,2025-07-30 05:00:44.346000,9.43,13.255,124.99465000000001,sell,True,153083019,153083019
TRUMP/USDT,43955830,1753851646170,2025-07-30 05:00:46.170000,9.43,0.326,3.07418,sell,True,153083020,153083020
TRUMP/USDT,43955831,1753851648710,2025-07-30 05:00:48.710000,9.43,5.106,48.14958,sell,True,153083021,153083021
TRUMP/USDT,43955832,1753851656054,2025-07-30 05:00:56.054000,9.43,1.698,16.01214,sell,True,153083022,153083022
TRUMP/USDT,43955833,1753851660043,2025-07-30 05:01:00.043000,9.43,15.0,141.45,sell,True,153083023,153083023
TRUMP/USDT,43955834,1753851662441,2025-07-30 05:01:02.441000,9.43,15.0,141.45,sell,True,153083024,153083024
TRUMP/USDT,43955835,1753851670134,2025-07-30 05:01:10.134000,9.43,15.0,141.45,sell,True,153083025,153083032
TRUMP/USDT,43955836,1753851671293,2025-07-30 05:01:11.293000,9.43,145.566,1372.68738,sell,True,153083033,153083033
TRUMP/USDT,43955837,1753851671553,2025-07-30 05:01:11.553000,9.43,15.0,141.45,sell,True,153083034,153083034
TRUMP/USDT,43955838,1753851672140,2025-07-30 05:01:12.140000,9.43,9.02,85.0586,sell,True,153083035,153083035
TRUMP/USDT,43955839,1753851672141,2025-07-30 05:01:12.141000,9.43,0.11,1.0372999999999999,sell,True,153083036,153083036
TRUMP/USDT,43955840,1753851672887,2025-07-30 05:01:12.887000,9.43,12.584,118.66712,sell,True,153083037,153083037
TRUMP/USDT,43955841,1753851672889,2025-07-30 05:01:12.889000,9.43,12.584,118.66712,sell,True,153083038,153083038
TRUMP/USDT,43955842,1753851672899,2025-07-30 05:01:12.899000,9.43,9.02,85.0586,sell,True,153083039,153083039
TRUMP/USDT,43955843,1753851673001,2025-07-30 05:01:13.001000,9.43,5.252,49.52636,sell,True,153083040,153083040
TRUMP/USDT,43955844,1753851673001,2025-07-30 05:01:13.001000,9.43,3.722,35.098459999999996,sell,True,153083041,153083041
TRUMP/USDT,43955848,1753851673002,2025-07-30 05:01:13.002000,9.43,2.192,20.670560000000002,sell,True,153083045,153083045
TRUMP/USDT,43955847,1753851673002,2025-07-30 05:01:13.002000,9.43,3.722,35.098459999999996,sell,True,153083044,153083044
TRUMP/USDT,43955846,1753851673002,2025-07-30 05:01:13.002000,9.43,2.192,20.670560000000002,sell,True,153083043,153083043
TRUMP/USDT,43955845,1753851673002,2025-07-30 05:01:13.002000,9.43,5.252,49.52636,sell,True,153083042,153083042
TRUMP/USDT,43955849,1753851673044,2025-07-30 05:01:13.044000,9.43,100.44,947.1492,sell,True,153083046,153083070
TRUMP/USDT,43955850,1753851698870,2025-07-30 05:01:38.870000,9.43,53.022,499.99746,buy,False,153083071,153083071
TRUMP/USDT,43955851,1753851699072,2025-07-30 05:01:39.072000,9.42,15.0,141.3,sell,True,153083072,153083078
TRUMP/USDT,43955852,1753851699376,2025-07-30 05:01:39.376000,9.42,15.984,150.56928,sell,True,153083079,153083079
TRUMP/USDT,43955853,1753851699385,2025-07-30 05:01:39.385000,9.42,15.0,141.3,sell,True,153083080,153083080
TRUMP/USDT,43955854,1753851699631,2025-07-30 05:01:39.631000,9.42,15.0,141.3,sell,True,153083081,153083081
TRUMP/USDT,43955855,1753851700161,2025-07-30 05:01:40.161000,9.42,6.16,58.0272,sell,True,153083082,153083085
TRUMP/USDT,43955856,1753851700164,2025-07-30 05:01:40.164000,9.42,0.11,1.0362,sell,True,153083086,153083086
TRUMP/USDT,43955857,1753851703657,2025-07-30 05:01:43.657000,9.42,6.16,58.0272,sell,True,153083087,153083087
TRUMP/USDT,43955858,1753851721185,2025-07-30 05:02:01.185000,9.42,4.246,39.99732,sell,True,153083088,153083088
TRUMP/USDT,43955859,1753851744817,2025-07-30 05:02:24.817000,9.43,9.13,86.0959,buy,False,153083089,153083094
TRUMP/USDT,43955860,1753851746184,2025-07-30 05:02:26.184000,9.43,9.13,86.0959,buy,False,153083095,153083095
TRUMP/USDT,43955861,1753851746246,2025-07-30 05:02:26.246000,9.43,267.955,2526.8156499999996,buy,False,153083096,153083099
TRUMP/USDT,43955862,1753851746248,2025-07-30 05:02:26.248000,9.43,39.775,375.07824999999997,buy,False,153083100,153083102
TRUMP/USDT,43955863,1753851746253,2025-07-30 05:02:26.253000,9.43,29.402,277.26086,buy,False,153083103,153083117
TRUMP/USDT,43955864,1753851746254,2025-07-30 05:02:26.254000,9.43,0.484,4.56412,buy,False,153083118,153083121
TRUMP/USDT,43955865,1753851746347,2025-07-30 05:02:26.347000,9.43,15.0,141.45,sell,True,153083122,153083122
TRUMP/USDT,43955866,1753851746360,2025-07-30 05:02:26.360000,9.43,38.393,362.04599,sell,True,153083123,153083123
TRUMP/USDT,43955867,1753851746361,2025-07-30 05:02:26.361000,9.44,9.13,86.1872,buy,False,153083124,153083124
TRUMP/USDT,43955868,1753851746363,2025-07-30 05:02:26.363000,9.43,38.393,362.04599,sell,True,153083125,153083125
TRUMP/USDT,43955869,1753851746377,2025-07-30 05:02:26.377000,9.43,15.088,142.27983999999998,sell,True,153083126,153083126
TRUMP/USDT,43955870,1753851746380,2025-07-30 05:02:26.380000,9.43,10.685,100.75955,sell,True,153083127,153083127
TRUMP/USDT,43955871,1753851746380,2025-07-30 05:02:26.380000,9.43,7.548,71.17764,sell,True,153083128,153083128
TRUMP/USDT,43955872,1753851746384,2025-07-30 05:02:26.384000,9.43,10.685,100.75955,sell,True,153083129,153083129
TRUMP/USDT,43955873,1753851746391,2025-07-30 05:02:26.391000,9.43,6.256,58.994080000000004,sell,True,153083130,153083130
TRUMP/USDT,43955874,1753851746392,2025-07-30 05:02:26.392000,9.43,6.256,58.994080000000004,sell,True,153083131,153083131
TRUMP/USDT,43955875,1753851746393,2025-07-30 05:02:26.393000,9.43,4.04,38.0972,sell,True,153083132,153083132
TRUMP/USDT,43955876,1753851746395,2025-07-30 05:02:26.395000,9.43,4.04,38.0972,sell,True,153083133,153083133
TRUMP/USDT,43955877,1753851746428,2025-07-30 05:02:26.428000,9.43,7.548,71.17764,sell,True,153083134,153083134
TRUMP/USDT,43955878,1753851752273,2025-07-30 05:02:32.273000,9.43,15.0,141.45,sell,True,153083135,153083135
TRUMP/USDT,43955879,1753851752916,2025-07-30 05:02:32.916000,9.43,9.02,85.0586,sell,True,153083136,153083150
TRUMP/USDT,43955880,1753851753348,2025-07-30 05:02:33.348000,9.43,1.856,17.50208,sell,True,153083151,153083151
TRUMP/USDT,43955881,1753851753796,2025-07-30 05:02:33.796000,9.43,9.13,86.0959,sell,True,153083152,153083152
TRUMP/USDT,43955882,1753851753816,2025-07-30 05:02:33.816000,9.43,9.13,86.0959,sell,True,153083153,153083153
TRUMP/USDT,43955883,1753851753832,2025-07-30 05:02:33.832000,9.43,9.13,86.0959,sell,True,153083154,153083154
TRUMP/USDT,43955884,1753851753844,2025-07-30 05:02:33.844000,9.43,9.13,86.0959,sell,True,153083155,153083155
TRUMP/USDT,43955885,1753851753874,2025-07-30 05:02:33.874000,9.43,15.0,141.45,sell,True,153083156,153083156
TRUMP/USDT,43955886,1753851754714,2025-07-30 05:02:34.714000,9.43,243.576,2296.92168,sell,True,153083157,153083161
TRUMP/USDT,43955887,1753851754742,2025-07-30 05:02:34.742000,9.43,5.677,53.53410999999999,sell,True,153083162,153083162
TRUMP/USDT,43955888,1753851754745,2025-07-30 05:02:34.745000,9.43,302.813,2855.52659,sell,True,153083163,153083173
TRUMP/USDT,43955889,1753851780206,2025-07-30 05:03:00.206000,9.43,165.315,1558.9204499999998,buy,False,153083174,153083175
TRUMP/USDT,43955890,1753851780208,2025-07-30 05:03:00.208000,9.43,69.633,656.63919,buy,False,153083176,153083185
TRUMP/USDT,43955891,1753851780221,2025-07-30 05:03:00.221000,9.43,9.13,86.0959,buy,False,153083186,153083186
TRUMP/USDT,43955892,1753851780226,2025-07-30 05:03:00.226000,9.43,9.13,86.0959,buy,False,153083187,153083187
TRUMP/USDT,43955893,1753851780274,2025-07-30 05:03:00.274000,9.43,214.451,2022.2729299999999,buy,False,153083188,153083188
TRUMP/USDT,43955894,1753851780286,2025-07-30 05:03:00.286000,9.43,28.418,267.98174,buy,False,153083189,153083189
TRUMP/USDT,43955895,1753851780288,2025-07-30 05:03:00.288000,9.43,48.626,458.54317999999995,buy,False,153083190,153083202
TRUMP/USDT,43955896,1753851780288,2025-07-30 05:03:00.288000,9.43,0.112,1.05616,buy,False,153083203,153083203
TRUMP/USDT,43955897,1753851780479,2025-07-30 05:03:00.479000,9.43,5.734,54.071619999999996,sell,True,153083204,153083204
TRUMP/USDT,43955898,1753851818774,2025-07-30 05:03:38.774000,9.44,0.529,4.99376,buy,False,153083205,153083208
TRUMP/USDT,43955899,1753851830295,2025-07-30 05:03:50.295000,9.44,345.147,3258.1876799999995,buy,False,153083209,153083226
TRUMP/USDT,43955900,1753851830295,2025-07-30 05:03:50.295000,9.44,70.423,664.7931199999999,buy,False,153083227,153083227
TRUMP/USDT,43955901,1753851830296,2025-07-30 05:03:50.296000,9.44,50.024,472.22656,buy,False,153083228,153083228
TRUMP/USDT,43955902,1753851830297,2025-07-30 05:03:50.297000,9.44,36.423,343.83312,buy,False,153083229,153083229
TRUMP/USDT,43955903,1753851830297,2025-07-30 05:03:50.297000,9.44,68.829,649.7457599999999,buy,False,153083230,153083230
TRUMP/USDT,43955904,1753851830299,2025-07-30 05:03:50.299000,9.44,86.499,816.5505599999999,buy,False,153083231,153083242
TRUMP/USDT,43955905,1753851831299,2025-07-30 05:03:51.299000,9.44,128.374,1211.8505599999999,sell,True,153083243,153083244
TRUMP/USDT,43955906,1753851865154,2025-07-30 05:04:25.154000,9.44,6.355,59.9912,sell,True,153083245,153083245
TRUMP/USDT,43955909,1753851868886,2025-07-30 05:04:28.886000,9.45,31.14,294.27299999999997,buy,False,153083272,153083273
TRUMP/USDT,43955907,1753851868886,2025-07-30 05:04:28.886000,9.45,24.826,234.60569999999998,buy,False,153083246,153083269
TRUMP/USDT,43955908,1753851868886,2025-07-30 05:04:28.886000,9.45,10.398,98.26109999999998,buy,False,153083270,153083271
TRUMP/USDT,43955910,1753851868888,2025-07-30 05:04:28.888000,9.45,8.829,83.43405,buy,False,153083274,153083274
TRUMP/USDT,43955911,1753851868889,2025-07-30 05:04:28.889000,9.45,33.28,314.496,buy,False,153083275,153083275
TRUMP/USDT,43955912,1753851868890,2025-07-30 05:04:28.890000,9.45,40.129,379.2190499999999,buy,False,153083276,153083276
TRUMP/USDT,43955913,1753851868902,2025-07-30 05:04:28.902000,9.45,9.13,86.2785,buy,False,153083277,153083277
TRUMP/USDT,43955914,1753851868931,2025-07-30 05:04:28.931000,9.45,113.665,1074.13425,buy,False,153083278,153083280
TRUMP/USDT,43955915,1753851868941,2025-07-30 05:04:28.941000,9.45,113.665,1074.13425,buy,False,153083281,153083281
TRUMP/USDT,43955916,1753851868955,2025-07-30 05:04:28.955000,9.45,9.13,86.2785,buy,False,153083282,153083282
TRUMP/USDT,43955917,1753851869144,2025-07-30 05:04:29.144000,9.45,45.029,425.52405,buy,False,153083283,153083293
TRUMP/USDT,43955918,1753851869264,2025-07-30 05:04:29.264000,9.46,9.13,86.36980000000001,buy,False,153083294,153083294
TRUMP/USDT,43955919,1753851872380,2025-07-30 05:04:32.380000,9.45,43.884,414.70379999999994,sell,True,153083295,153083304
TRUMP/USDT,43955920,1753851872674,2025-07-30 05:04:32.674000,9.46,4.26,40.2996,buy,False,153083305,153083305
TRUMP/USDT,43955921,1753851873821,2025-07-30 05:04:33.821000,9.45,123.79,1169.8155,sell,True,153083306,153083306
TRUMP/USDT,43955922,1753851874410,2025-07-30 05:04:34.410000,9.45,113.67,1074.1815,sell,True,153083307,153083307
TRUMP/USDT,43955923,1753851874445,2025-07-30 05:04:34.445000,9.45,23.015,217.49175,sell,True,153083308,153083318
TRUMP/USDT,43955924,1753851874453,2025-07-30 05:04:34.453000,9.44,15.0,141.6,sell,True,153083319,153083319
TRUMP/USDT,43955925,1753851876379,2025-07-30 05:04:36.379000,9.45,6.16,58.211999999999996,buy,False,153083320,153083320
TRUMP/USDT,43955926,1753851879055,2025-07-30 05:04:39.055000,9.44,2.708,25.56352,sell,True,153083321,153083321
TRUMP/USDT,43955927,1753851880270,2025-07-30 05:04:40.270000,9.45,0.191,1.8049499999999998,buy,False,153083322,153083322
TRUMP/USDT,43955928,1753851881248,2025-07-30 05:04:41.248000,9.45,72.288,683.1216,buy,False,153083323,153083323
TRUMP/USDT,43955929,1753851885497,2025-07-30 05:04:45.497000,9.44,1.056,9.96864,sell,True,153083324,153083324
TRUMP/USDT,43955930,1753851888463,2025-07-30 05:04:48.463000,9.45,6.16,58.211999999999996,buy,False,153083325,153083329
TRUMP/USDT,43955931,1753851939192,2025-07-30 05:05:39.192000,9.45,6.16,58.211999999999996,buy,False,153083330,153083330
TRUMP/USDT,43955932,1753851940645,2025-07-30 05:05:40.645000,9.45,18.488,174.71159999999998,buy,False,153083331,153083353
TRUMP/USDT,43955933,1753851954306,2025-07-30 05:05:54.306000,9.46,0.662,6.262520000000001,buy,False,153083354,153083354
TRUMP/USDT,43955934,1753851973139,2025-07-30 05:06:13.139000,9.45,15.0,141.75,sell,True,153083355,153083355
TRUMP/USDT,43955935,1753851974876,2025-07-30 05:06:14.876000,9.45,15.0,141.75,sell,True,153083356,153083364
TRUMP/USDT,43955936,1753851985163,2025-07-30 05:06:25.163000,9.45,247.175,2335.80375,sell,True,153083365,153083365
TRUMP/USDT,43955938,1753851985166,2025-07-30 05:06:25.166000,9.45,0.112,1.0584,sell,True,153083383,153083383
TRUMP/USDT,43955937,1753851985166,2025-07-30 05:06:25.166000,9.45,51.777,489.29265,sell,True,153083366,153083382
TRUMP/USDT,43955939,1753851985192,2025-07-30 05:06:25.192000,9.44,14.23,134.3312,sell,True,153083384,153083384
TRUMP/USDT,43955940,1753851985260,2025-07-30 05:06:25.260000,9.44,9.13,86.1872,sell,True,153083385,153083385
TRUMP/USDT,43955941,1753851994307,2025-07-30 05:06:34.307000,9.44,10.811,102.05583999999999,sell,True,153083386,153083386
TRUMP/USDT,43955942,1753851994945,2025-07-30 05:06:34.945000,9.44,15.0,141.6,sell,True,153083387,153083387
TRUMP/USDT,43955943,1753851996306,2025-07-30 05:06:36.306000,9.44,13.2,124.60799999999999,sell,True,153083388,153083410
TRUMP/USDT,43955944,1753851996399,2025-07-30 05:06:36.399000,9.44,319.459,3015.69296,sell,True,153083411,153083423
TRUMP/USDT,43955945,1753851996415,2025-07-30 05:06:36.415000,9.43,1.8,16.974,sell,True,153083424,153083424
TRUMP/USDT,43955946,1753852016009,2025-07-30 05:06:56.009000,9.44,4.0,37.76,buy,False,153083425,153083425
TRUMP/USDT,43955947,1753852016735,2025-07-30 05:06:56.735000,9.44,35.869,338.60335999999995,buy,False,153083426,153083426
TRUMP/USDT,43955948,1753852018627,2025-07-30 05:06:58.627000,9.44,211.935,2000.6663999999998,buy,False,153083427,153083437
TRUMP/USDT,43955949,1753852018631,2025-07-30 05:06:58.631000,9.44,114.865,1084.3256,buy,False,153083438,153083441
TRUMP/USDT,43955950,1753852018633,2025-07-30 05:06:58.633000,9.44,20.184,190.53696,buy,False,153083442,153083453
TRUMP/USDT,43955951,1753852021592,2025-07-30 05:07:01.592000,9.44,15.0,141.6,sell,True,153083454,153083465
TRUMP/USDT,43955952,1753852021752,2025-07-30 05:07:01.752000,9.44,15.0,141.6,sell,True,153083466,153083466
TRUMP/USDT,43955953,1753852023189,2025-07-30 05:07:03.189000,9.44,15.0,141.6,sell,True,153083467,153083467
TRUMP/USDT,43955954,1753852024263,2025-07-30 05:07:04.263000,9.44,15.0,141.6,sell,True,153083468,153083468
TRUMP/USDT,43955955,1753852025203,2025-07-30 05:07:05.203000,9.44,15.0,141.6,sell,True,153083469,153083469
TRUMP/USDT,43955956,1753852026772,2025-07-30 05:07:06.772000,9.44,15.0,141.6,sell,True,153083470,153083470
TRUMP/USDT,43955957,1753852027220,2025-07-30 05:07:07.220000,9.44,4.7,44.368,sell,True,153083471,153083471
TRUMP/USDT,43955958,1753852027221,2025-07-30 05:07:07.221000,9.44,10.3,97.232,sell,True,153083472,153083472
TRUMP/USDT,43955959,1753852029145,2025-07-30 05:07:09.145000,9.44,1.0,9.44,sell,True,153083473,153083473
TRUMP/USDT,43955960,1753852029254,2025-07-30 05:07:09.254000,9.44,15.0,141.6,sell,True,153083474,153083474
TRUMP/USDT,43955961,1753852029280,2025-07-30 05:07:09.280000,9.44,15.0,141.6,sell,True,153083475,153083475
TRUMP/USDT,43955962,1753852031277,2025-07-30 05:07:11.277000,9.44,15.0,141.6,sell,True,153083476,153083476
TRUMP/USDT,43955963,1753852031787,2025-07-30 05:07:11.787000,9.44,15.0,141.6,sell,True,153083477,153083477
TRUMP/USDT,43955964,1753852033173,2025-07-30 05:07:13.173000,9.44,6.16,58.1504,sell,True,153083478,153083478
TRUMP/USDT,43955965,1753852033296,2025-07-30 05:07:13.296000,9.44,10.0,94.39999999999999,sell,True,153083479,153083479
TRUMP/USDT,43955966,1753852033301,2025-07-30 05:07:13.301000,9.44,5.0,47.199999999999996,sell,True,153083480,153083480
TRUMP/USDT,43955967,1753852034301,2025-07-30 05:07:14.301000,9.44,15.0,141.6,sell,True,153083481,153083481
TRUMP/USDT,43955968,1753852035310,2025-07-30 05:07:15.310000,9.44,15.0,141.6,sell,True,153083482,153083482
TRUMP/USDT,43955969,1753852078002,2025-07-30 05:07:58.002000,9.44,5.518,52.08991999999999,sell,True,153083483,153083483
TRUMP/USDT,43955970,1753852084904,2025-07-30 05:08:04.904000,9.44,15.0,141.6,sell,True,153083484,153083484
TRUMP/USDT,43955971,1753852089810,2025-07-30 05:08:09.810000,9.44,15.0,141.6,sell,True,153083485,153083485
TRUMP/USDT,43955972,1753852090044,2025-07-30 05:08:10.044000,9.44,60.457,570.71408,sell,True,153083486,153083505
TRUMP/USDT,43955973,1753852115482,2025-07-30 05:08:35.482000,9.43,155.106,1462.64958,sell,True,153083506,153083529
TRUMP/USDT,43955974,1753852115786,2025-07-30 05:08:35.786000,9.43,85.308,804.4544400000001,sell,True,153083530,153083530
TRUMP/USDT,43955975,1753852115844,2025-07-30 05:08:35.844000,9.43,94.512,891.24816,sell,True,153083531,153083541
TRUMP/USDT,43955976,1753852120769,2025-07-30 05:08:40.769000,9.43,0.182,1.71626,buy,False,153083542,153083542
TRUMP/USDT,43955977,1753852121617,2025-07-30 05:08:41.617000,9.42,3.048,28.71216,sell,True,153083543,153083543
TRUMP/USDT,43955978,1753852123793,2025-07-30 05:08:43.793000,9.42,402.179,3788.52618,sell,True,153083544,153083605
TRUMP/USDT,43955979,1753852129936,2025-07-30 05:08:49.936000,9.43,106.044,999.99492,buy,False,153083606,153083606
TRUMP/USDT,43955980,1753852141736,2025-07-30 05:09:01.736000,9.43,41.829,394.44747,buy,False,153083607,153083607
TRUMP/USDT,43955981,1753852158828,2025-07-30 05:09:18.828000,9.43,84.665,798.3909500000001,buy,False,153083608,153083608
TRUMP/USDT,43955982,1753852160309,2025-07-30 05:09:20.309000,9.43,176.721,1666.47903,buy,False,153083609,153083610
TRUMP/USDT,43955983,1753852178943,2025-07-30 05:09:38.943000,9.42,50.0,471.0,sell,True,153083611,153083611
TRUMP/USDT,43955984,1753852190744,2025-07-30 05:09:50.744000,9.42,158.756,1495.48152,sell,True,153083612,153083617
TRUMP/USDT,43955985,1753852191014,2025-07-30 05:09:51.014000,9.42,0.11,1.0362,sell,True,153083618,153083618
TRUMP/USDT,43955986,1753852191016,2025-07-30 05:09:51.016000,9.42,6.16,58.0272,sell,True,153083619,153083619
TRUMP/USDT,43955987,1753852191633,2025-07-30 05:09:51.633000,9.42,1.13,10.644599999999999,sell,True,153083620,153083620
TRUMP/USDT,43955988,1753852193361,2025-07-30 05:09:53.361000,9.42,6.16,58.0272,sell,True,153083621,153083621
TRUMP/USDT,43955989,1753852193366,2025-07-30 05:09:53.366000,9.42,0.11,1.0362,sell,True,153083622,153083622
TRUMP/USDT,43955990,1753852194029,2025-07-30 05:09:54.029000,9.42,15.063,141.89346,sell,True,153083623,153083623
TRUMP/USDT,43955991,1753852194030,2025-07-30 05:09:54.030000,9.42,69.294,652.74948,sell,True,153083624,153083624
TRUMP/USDT,43955992,1753852194030,2025-07-30 05:09:54.030000,9.42,35.995,339.07289999999995,sell,True,153083625,153083625
TRUMP/USDT,43955993,1753852194031,2025-07-30 05:09:54.031000,9.42,22.605,212.9391,sell,True,153083626,153083642
TRUMP/USDT,43955994,1753852194031,2025-07-30 05:09:54.031000,9.42,12.676,119.40792,sell,True,153083643,153083643
TRUMP/USDT,43956000,1753852194032,2025-07-30 05:09:54.032000,9.42,339.613,3199.1544599999997,sell,True,153083653,153083653
TRUMP/USDT,43955999,1753852194032,2025-07-30 05:09:54.032000,9.42,127.465,1200.7203,sell,True,153083648,153083652
TRUMP/USDT,43955998,1753852194032,2025-07-30 05:09:54.032000,9.42,146.966,1384.41972,sell,True,153083647,153083647
TRUMP/USDT,43955997,1753852194032,2025-07-30 05:09:54.032000,9.42,74.864,705.21888,sell,True,153083646,153083646
TRUMP/USDT,43955996,1753852194032,2025-07-30 05:09:54.032000,9.42,29.296,275.96832,sell,True,153083645,153083645
TRUMP/USDT,43955995,1753852194032,2025-07-30 05:09:54.032000,9.42,80.28,756.2376,sell,True,153083644,153083644
TRUMP/USDT,43956001,1753852194033,2025-07-30 05:09:54.033000,9.42,17.444,164.32247999999998,sell,True,153083654,153083654
TRUMP/USDT,43956002,1753852194033,2025-07-30 05:09:54.033000,9.42,8.427,79.38234,sell,True,153083655,153083655
TRUMP/USDT,43956003,1753852194046,2025-07-30 05:09:54.046000,9.42,67.109,632.1667799999999,sell,True,153083656,153083656
TRUMP/USDT,43956004,1753852194048,2025-07-30 05:09:54.048000,9.42,50.0,471.0,sell,True,153083657,153083657
TRUMP/USDT,43956005,1753852194051,2025-07-30 05:09:54.051000,9.42,15.876,149.55192,sell,True,153083658,153083658
TRUMP/USDT,43956006,1753852194063,2025-07-30 05:09:54.063000,9.42,9.13,86.00460000000001,sell,True,153083659,153083659
TRUMP/USDT,43956008,1753852194071,2025-07-30 05:09:54.071000,9.42,550.0,5181.0,sell,True,153083661,153083661
TRUMP/USDT,43956007,1753852194071,2025-07-30 05:09:54.071000,9.42,9.394,88.49148,sell,True,153083660,153083660
TRUMP/USDT,43956009,1753852194128,2025-07-30 05:09:54.128000,9.42,301.284,2838.09528,sell,True,153083662,153083671
TRUMP/USDT,43956010,1753852194201,2025-07-30 05:09:54.201000,9.41,9.13,85.9133,sell,True,153083672,153083672
TRUMP/USDT,43956011,1753852194995,2025-07-30 05:09:54.995000,9.42,530.584,4998.10128,buy,False,153083673,153083676
TRUMP/USDT,43956012,1753852200780,2025-07-30 05:10:00.780000,9.42,1.114,10.49388,buy,False,153083677,153083677
TRUMP/USDT,43956013,1753852201735,2025-07-30 05:10:01.735000,9.42,2.128,20.04576,buy,False,153083678,153083678
TRUMP/USDT,43956014,1753852226230,2025-07-30 05:10:26.230000,9.42,182.14,1715.7587999999998,buy,False,153083679,153083694
TRUMP/USDT,43956015,1753852226706,2025-07-30 05:10:26.706000,9.42,152.173,1433.46966,buy,False,153083695,153083695
TRUMP/USDT,43956016,1753852226706,2025-07-30 05:10:26.706000,9.42,48.402,455.94684,buy,False,153083696,153083713
TRUMP/USDT,43956017,1753852226715,2025-07-30 05:10:26.715000,9.42,1.126,10.606919999999999,buy,False,153083714,153083721
TRUMP/USDT,43956018,1753852246312,2025-07-30 05:10:46.312000,9.43,1.0,9.43,buy,False,153083722,153083722
TRUMP/USDT,43956019,1753852247538,2025-07-30 05:10:47.538000,9.42,6.16,58.0272,sell,True,153083723,153083723
TRUMP/USDT,43956020,1753852251785,2025-07-30 05:10:51.785000,9.42,6.16,58.0272,sell,True,153083724,153083724
TRUMP/USDT,43956021,1753852259153,2025-07-30 05:10:59.153000,9.42,6.16,58.0272,sell,True,153083725,153083725
TRUMP/USDT,43956022,1753852259160,2025-07-30 05:10:59.160000,9.42,0.11,1.0362,sell,True,153083726,153083726
TRUMP/USDT,43956023,1753852260979,2025-07-30 05:11:00.979000,9.42,9.13,86.00460000000001,sell,True,153083727,153083727
TRUMP/USDT,43956024,1753852261502,2025-07-30 05:11:01.502000,9.42,36.392,342.81264000000004,sell,True,153083728,153083728
TRUMP/USDT,43956025,1753852261506,2025-07-30 05:11:01.506000,9.42,123.617,1164.47214,sell,True,153083729,153083730
TRUMP/USDT,43956026,1753852261867,2025-07-30 05:11:01.867000,9.42,9.13,86.00460000000001,sell,True,153083731,153083737
TRUMP/USDT,43956027,1753852262591,2025-07-30 05:11:02.591000,9.42,37.125,349.7175,sell,True,153083738,153083738
TRUMP/USDT,43956028,1753852262773,2025-07-30 05:11:02.773000,9.42,6.16,58.0272,sell,True,153083739,153083739
TRUMP/USDT,43956029,1753852262943,2025-07-30 05:11:02.943000,9.42,16.275,153.3105,sell,True,153083740,153083740
TRUMP/USDT,43956030,1753852263048,2025-07-30 05:11:03.048000,9.42,9.13,86.00460000000001,sell,True,153083741,153083741
TRUMP/USDT,43956031,1753852263207,2025-07-30 05:11:03.207000,9.43,41.657,392.82550999999995,buy,False,153083742,153083742
TRUMP/USDT,43956032,1753852263834,2025-07-30 05:11:03.834000,9.42,28.096,264.66432,sell,True,153083743,153083743
TRUMP/USDT,43956033,1753852263835,2025-07-30 05:11:03.835000,9.42,66.887,630.07554,sell,True,153083744,153083744
TRUMP/USDT,43956034,1753852263890,2025-07-30 05:11:03.890000,9.42,153.29,1443.9918,sell,True,153083745,153083763
TRUMP/USDT,43956035,1753852263954,2025-07-30 05:11:03.954000,9.41,7.01,65.9641,sell,True,153083764,153083764
TRUMP/USDT,43956036,1753852271338,2025-07-30 05:11:11.338000,9.41,31.847,299.68027,sell,True,153083765,153083765
TRUMP/USDT,43956037,1753852288730,2025-07-30 05:11:28.730000,9.42,2.0,18.84,buy,False,153083766,153083766
TRUMP/USDT,43956038,1753852307949,2025-07-30 05:11:47.949000,9.42,2.327,21.92034,buy,False,153083767,153083767
TRUMP/USDT,43956039,1753852315095,2025-07-30 05:11:55.095000,9.42,5.0,47.1,buy,False,153083768,153083768
TRUMP/USDT,43956040,1753852320499,2025-07-30 05:12:00.499000,9.41,109.021,1025.88761,sell,True,153083769,153083769
TRUMP/USDT,43956041,1753852333825,2025-07-30 05:12:13.825000,9.42,196.022,1846.52724,buy,False,153083770,153083780
TRUMP/USDT,43956042,1753852338856,2025-07-30 05:12:18.856000,9.42,6.16,58.0272,buy,False,153083781,153083781
TRUMP/USDT,43956043,1753852380950,2025-07-30 05:13:00.950000,9.42,1.053,9.91926,buy,False,153083782,153083782
TRUMP/USDT,43956044,1753852390791,2025-07-30 05:13:10.791000,9.42,84.582,796.76244,buy,False,153083783,153083783
TRUMP/USDT,43956045,1753852391177,2025-07-30 05:13:11.177000,9.42,106.157,999.99894,buy,False,153083784,153083784
TRUMP/USDT,43956046,1753852402789,2025-07-30 05:13:22.789000,9.42,4.776,44.98992,buy,False,153083785,153083787
TRUMP/USDT,43956047,1753852407853,2025-07-30 05:13:27.853000,9.42,327.124,3081.50808,buy,False,153083788,153083808
TRUMP/USDT,43956048,1753852407960,2025-07-30 05:13:27.960000,9.43,9.13,86.0959,buy,False,153083809,153083810
TRUMP/USDT,43956049,1753852410745,2025-07-30 05:13:30.745000,9.42,28.812,271.40904,sell,True,153083811,153083820
TRUMP/USDT,43956050,1753852410760,2025-07-30 05:13:30.760000,9.42,3.289,30.982380000000003,sell,True,153083821,153083821
TRUMP/USDT,43956051,1753852410766,2025-07-30 05:13:30.766000,9.42,37.125,349.7175,sell,True,153083822,153083822
TRUMP/USDT,43956052,1753852410779,2025-07-30 05:13:30.779000,9.42,3.054,28.76868,sell,True,153083823,153083823
TRUMP/USDT,43956053,1753852410794,2025-07-30 05:13:30.794000,9.42,2.26,21.289199999999997,sell,True,153083824,153083824
TRUMP/USDT,43956054,1753852410845,2025-07-30 05:13:30.845000,9.42,1.246,11.73732,sell,True,153083825,153083825
TRUMP/USDT,43956055,1753852416865,2025-07-30 05:13:36.865000,9.42,31.295,294.7989,sell,True,153083826,153083826
TRUMP/USDT,43956056,1753852418203,2025-07-30 05:13:38.203000,9.42,0.672,6.330240000000001,sell,True,153083827,153083827
TRUMP/USDT,43956057,1753852419001,2025-07-30 05:13:39.001000,9.42,145.34,1369.1028000000001,sell,True,153083828,153083828
TRUMP/USDT,43956058,1753852419019,2025-07-30 05:13:39.019000,9.42,9.13,86.00460000000001,sell,True,153083829,153083829
TRUMP/USDT,43956059,1753852419023,2025-07-30 05:13:39.023000,9.42,28.973,272.92566,sell,True,153083830,153083830
TRUMP/USDT,43956060,1753852419026,2025-07-30 05:13:39.026000,9.42,46.746,440.34732,sell,True,153083831,153083849
TRUMP/USDT,43956061,1753852440637,2025-07-30 05:14:00.637000,9.42,0.677,6.37734,buy,False,153083850,153083850
TRUMP/USDT,43956062,1753852502218,2025-07-30 05:15:02.218000,9.41,4.982,46.88062,sell,True,153083851,153083851
TRUMP/USDT,43956063,1753852508708,2025-07-30 05:15:08.708000,9.42,10.615,99.9933,buy,False,153083852,153083857
TRUMP/USDT,43956064,1753852510612,2025-07-30 05:15:10.612000,9.42,5.0,47.1,buy,False,153083858,153083858
TRUMP/USDT,43956065,1753852518669,2025-07-30 05:15:18.669000,9.42,1.83,17.2386,buy,False,153083859,153083862
TRUMP/USDT,43956066,1753852524818,2025-07-30 05:15:24.818000,9.41,40.0,376.4,sell,True,153083863,153083863
TRUMP/USDT,43956067,1753852534518,2025-07-30 05:15:34.518000,9.42,40.0,376.8,buy,False,153083864,153083864
TRUMP/USDT,43956068,1753852534797,2025-07-30 05:15:34.797000,9.41,50.403,474.29223,sell,True,153083865,153083865
TRUMP/USDT,43956069,1753852537563,2025-07-30 05:15:37.563000,9.41,6.16,57.9656,sell,True,153083866,153083866
TRUMP/USDT,43956070,1753852538637,2025-07-30 05:15:38.637000,9.41,140.505,1322.15205,sell,True,153083867,153083880
TRUMP/USDT,43956071,1753852538643,2025-07-30 05:15:38.643000,9.41,39.647,373.07827,sell,True,153083881,153083881
TRUMP/USDT,43956072,1753852538690,2025-07-30 05:15:38.690000,9.41,221.831,2087.42971,sell,True,153083882,153083903
TRUMP/USDT,43956073,1753852538895,2025-07-30 05:15:38.895000,9.41,37.125,349.34625,sell,True,153083904,153083904
TRUMP/USDT,43956074,1753852539293,2025-07-30 05:15:39.293000,9.41,1.516,14.26556,sell,True,153083905,153083905
TRUMP/USDT,43956075,1753852539695,2025-07-30 05:15:39.695000,9.42,4.922,46.36524,buy,False,153083906,153083906
TRUMP/USDT,43956076,1753852539735,2025-07-30 05:15:39.735000,9.41,27.868,262.23788,sell,True,153083907,153083907
TRUMP/USDT,43956077,1753852539735,2025-07-30 05:15:39.735000,9.41,174.399,1641.09459,sell,True,153083908,153083920
TRUMP/USDT,43956078,1753852539735,2025-07-30 05:15:39.735000,9.41,0.112,1.05392,sell,True,153083921,153083921
TRUMP/USDT,43956080,1753852552161,2025-07-30 05:15:52.161000,9.4,43.119,405.3186,sell,True,153083923,153083923
TRUMP/USDT,43956079,1753852552161,2025-07-30 05:15:52.161000,9.4,6.16,57.904,sell,True,153083922,153083922
TRUMP/USDT,43956081,1753852557944,2025-07-30 05:15:57.944000,9.41,0.827,7.78207,buy,False,153083924,153083924
TRUMP/USDT,43956082,1753852565760,2025-07-30 05:16:05.760000,9.4,6.16,57.904,sell,True,153083925,153083933
TRUMP/USDT,43956083,1753852569045,2025-07-30 05:16:09.045000,9.4,8.257,77.6158,sell,True,153083934,153083935
TRUMP/USDT,43956084,1753852569862,2025-07-30 05:16:09.862000,9.4,6.16,57.904,sell,True,153083936,153083942
TRUMP/USDT,43956085,1753852577059,2025-07-30 05:16:17.059000,9.4,6.16,57.904,sell,True,153083943,153083947
TRUMP/USDT,43956086,1753852585297,2025-07-30 05:16:25.297000,9.4,5.319,49.9986,sell,True,153083948,153083948
TRUMP/USDT,43956087,1753852586717,2025-07-30 05:16:26.717000,9.4,6.16,57.904,sell,True,153083949,153083952
TRUMP/USDT,43956088,1753852588562,2025-07-30 05:16:28.562000,9.4,104.885,985.9190000000001,sell,True,153083953,153083970
TRUMP/USDT,43956089,1753852589124,2025-07-30 05:16:29.124000,9.4,34.475,324.065,sell,True,153083971,153083972
TRUMP/USDT,43956090,1753852597551,2025-07-30 05:16:37.551000,9.4,4.917,46.2198,sell,True,153083973,153083973
TRUMP/USDT,43956091,1753852599225,2025-07-30 05:16:39.225000,9.4,2.324,21.8456,sell,True,153083974,153083974
TRUMP/USDT,43956092,1753852599371,2025-07-30 05:16:39.371000,9.4,39.96,375.624,sell,True,153083975,153083975
TRUMP/USDT,43956093,1753852601964,2025-07-30 05:16:41.964000,9.4,159.449,1498.8206000000002,sell,True,153083976,153083977
TRUMP/USDT,43956094,1753852606058,2025-07-30 05:16:46.058000,9.4,74.389,699.2565999999999,sell,True,153083978,153083985
TRUMP/USDT,43956095,1753852611034,2025-07-30 05:16:51.034000,9.4,65.08,611.752,sell,True,153083986,153083986
TRUMP/USDT,43956096,1753852614577,2025-07-30 05:16:54.577000,9.4,14.732,138.4808,sell,True,153083987,153083987
TRUMP/USDT,43956097,1753852618407,2025-07-30 05:16:58.407000,9.41,332.2,3126.002,buy,False,153083988,153084011
TRUMP/USDT,43956098,1753852620799,2025-07-30 05:17:00.799000,9.41,16.001,150.56941,sell,True,153084012,153084012
TRUMP/USDT,43956099,1753852620859,2025-07-30 05:17:00.859000,9.41,11.334,106.65294,sell,True,153084013,153084013
TRUMP/USDT,43956100,1753852620866,2025-07-30 05:17:00.866000,9.41,8.027,75.53407,sell,True,153084014,153084014
TRUMP/USDT,43956101,1753852620871,2025-07-30 05:17:00.871000,9.41,8.027,75.53407,sell,True,153084015,153084015
TRUMP/USDT,43956102,1753852620879,2025-07-30 05:17:00.879000,9.41,5.686,53.50526,sell,True,153084016,153084016
TRUMP/USDT,43956103,1753852620883,2025-07-30 05:17:00.883000,9.41,3.344,31.46704,sell,True,153084017,153084017
TRUMP/USDT,43956104,1753852620892,2025-07-30 05:17:00.892000,9.41,1.686,15.86526,sell,True,153084018,153084018
TRUMP/USDT,43956105,1753852622940,2025-07-30 05:17:02.940000,9.42,4.902,46.17684,buy,False,153084019,153084023
TRUMP/USDT,43956106,1753852649832,2025-07-30 05:17:29.832000,9.41,4.898,46.09018,sell,True,153084024,153084024
TRUMP/USDT,43956107,1753852657949,2025-07-30 05:17:37.949000,9.41,1.0,9.41,sell,True,153084025,153084025
TRUMP/USDT,43956108,1753852661823,2025-07-30 05:17:41.823000,9.42,235.35,2216.997,buy,False,153084026,153084036
TRUMP/USDT,43956109,1753852661823,2025-07-30 05:17:41.823000,9.42,60.911,573.78162,buy,False,153084037,153084037
TRUMP/USDT,43956110,1753852661824,2025-07-30 05:17:41.824000,9.42,364.703,3435.5022599999998,buy,False,153084038,153084053
TRUMP/USDT,43956111,1753852663072,2025-07-30 05:17:43.072000,9.43,4.882,46.037259999999996,buy,False,153084054,153084054
TRUMP/USDT,43956112,1753852664050,2025-07-30 05:17:44.050000,9.42,112.468,1059.44856,sell,True,153084055,153084055
TRUMP/USDT,43956113,1753852669378,2025-07-30 05:17:49.378000,9.43,8.036,75.77947999999999,buy,False,153084056,153084056
TRUMP/USDT,43956114,1753852671377,2025-07-30 05:17:51.377000,9.42,28.385,267.3867,sell,True,153084057,153084067
TRUMP/USDT,43956115,1753852671399,2025-07-30 05:17:51.399000,9.42,2.843,26.78106,sell,True,153084068,153084068
TRUMP/USDT,43956116,1753852671416,2025-07-30 05:17:51.416000,9.42,2.085,19.6407,sell,True,153084069,153084069
TRUMP/USDT,43956117,1753852671430,2025-07-30 05:17:51.430000,9.42,0.671,6.32082,sell,True,153084070,153084070
TRUMP/USDT,43956118,1753852671445,2025-07-30 05:17:51.445000,9.42,1.636,15.411119999999999,sell,True,153084071,153084071
TRUMP/USDT,43956119,1753852671462,2025-07-30 05:17:51.462000,9.42,1.139,10.72938,sell,True,153084072,153084072
TRUMP/USDT,43956120,1753852671530,2025-07-30 05:17:51.530000,9.42,7.22,68.0124,sell,True,153084073,153084073
TRUMP/USDT,43956121,1753852671545,2025-07-30 05:17:51.545000,9.42,1.556,14.65752,sell,True,153084074,153084074
TRUMP/USDT,43956122,1753852671632,2025-07-30 05:17:51.632000,9.42,9.198,86.64516,sell,True,153084075,153084075
TRUMP/USDT,43956123,1753852671671,2025-07-30 05:17:51.671000,9.42,4.221,39.76182,sell,True,153084076,153084076
TRUMP/USDT,43956124,1753852671786,2025-07-30 05:17:51.786000,9.42,12.15,114.453,sell,True,153084077,153084077
TRUMP/USDT,43956125,1753852671833,2025-07-30 05:17:51.833000,9.42,5.015,47.241299999999995,sell,True,153084078,153084078
TRUMP/USDT,43956126,1753852671835,2025-07-30 05:17:51.835000,9.42,10.685,100.65270000000001,sell,True,153084079,153084079
TRUMP/USDT,43956127,1753852671871,2025-07-30 05:17:51.871000,9.42,9.514,89.62187999999999,sell,True,153084080,153084080
TRUMP/USDT,43956128,1753852671872,2025-07-30 05:17:51.872000,9.42,10.685,100.65270000000001,sell,True,153084081,153084081
TRUMP/USDT,43956129,1753852671944,2025-07-30 05:17:51.944000,9.42,12.299,115.85658,sell,True,153084082,153084082
TRUMP/USDT,43956130,1753852671946,2025-07-30 05:17:51.946000,9.42,10.685,100.65270000000001,sell,True,153084083,153084083
TRUMP/USDT,43956131,1753852671984,2025-07-30 05:17:51.984000,9.42,4.79,45.1218,sell,True,153084084,153084084
TRUMP/USDT,43956132,1753852671984,2025-07-30 05:17:51.984000,9.42,10.685,100.65270000000001,sell,True,153084085,153084085
TRUMP/USDT,43956133,1753852671986,2025-07-30 05:17:51.986000,9.42,10.685,100.65270000000001,sell,True,153084086,153084086
TRUMP/USDT,43956134,1753852672035,2025-07-30 05:17:52.035000,9.42,4.073,38.36766,sell,True,153084087,153084087
TRUMP/USDT,43956135,1753852672137,2025-07-30 05:17:52.137000,9.42,10.82,101.9244,sell,True,153084088,153084088
TRUMP/USDT,43956136,1753852672139,2025-07-30 05:17:52.139000,9.42,10.685,100.65270000000001,sell,True,153084089,153084089
TRUMP/USDT,43956137,1753852672234,2025-07-30 05:17:52.234000,9.42,7.839,73.84338,sell,True,153084090,153084090
TRUMP/USDT,43956138,1753852672236,2025-07-30 05:17:52.236000,9.42,10.685,100.65270000000001,sell,True,153084091,153084091
TRUMP/USDT,43956139,1753852672324,2025-07-30 05:17:52.324000,9.42,7.744,72.94848,sell,True,153084092,153084092
TRUMP/USDT,43956140,1753852672344,2025-07-30 05:17:52.344000,9.42,118.697,1118.12574,sell,True,153084093,153084109
TRUMP/USDT,43956141,1753852674045,2025-07-30 05:17:54.045000,9.42,22.005,207.28709999999998,buy,False,153084110,153084123
TRUMP/USDT,43956142,1753852674161,2025-07-30 05:17:54.161000,9.43,9.13,86.0959,buy,False,153084124,153084124
TRUMP/USDT,43956143,1753852675140,2025-07-30 05:17:55.140000,9.42,3.086,29.07012,sell,True,153084125,153084135
TRUMP/USDT,43956144,1753852684247,2025-07-30 05:18:04.247000,9.41,1.489,14.011490000000002,sell,True,153084136,153084136
TRUMP/USDT,43956145,1753852701459,2025-07-30 05:18:21.459000,9.41,6.16,57.9656,sell,True,153084137,153084137
TRUMP/USDT,43956146,1753852707237,2025-07-30 05:18:27.237000,9.41,6.16,57.9656,sell,True,153084138,153084155
TRUMP/USDT,43956147,1753852718008,2025-07-30 05:18:38.008000,9.41,4.877,45.89257,sell,True,153084156,153084156
TRUMP/USDT,43956148,1753852753625,2025-07-30 05:19:13.625000,9.41,4.248,39.97368,sell,True,153084157,153084157
TRUMP/USDT,43956149,1753852754859,2025-07-30 05:19:14.859000,9.42,7.189,67.72038,buy,False,153084158,153084168
TRUMP/USDT,43956150,1753852761045,2025-07-30 05:19:21.045000,9.42,79.521,749.08782,buy,False,153084169,153084179
TRUMP/USDT,43956151,1753852761046,2025-07-30 05:19:21.046000,9.42,22.666,213.51372,buy,False,153084180,153084180
TRUMP/USDT,43956152,1753852761046,2025-07-30 05:19:21.046000,9.42,54.731,515.56602,buy,False,153084181,153084181
TRUMP/USDT,43956153,1753852761046,2025-07-30 05:19:21.046000,9.42,40.757,383.93093999999996,buy,False,153084182,153084182
TRUMP/USDT,43956154,1753852761046,2025-07-30 05:19:21.046000,9.42,57.666,543.21372,buy,False,153084183,153084183
TRUMP/USDT,43956155,1753852761046,2025-07-30 05:19:21.046000,9.42,70.516,664.26072,buy,False,153084184,153084193
TRUMP/USDT,43956156,1753852761160,2025-07-30 05:19:21.160000,9.43,9.13,86.0959,buy,False,153084194,153084194
TRUMP/USDT,43956157,1753852773806,2025-07-30 05:19:33.806000,9.43,6.494,61.23842,buy,False,153084195,153084195
TRUMP/USDT,43956158,1753852803350,2025-07-30 05:20:03.350000,9.43,375.955,3545.2556499999996,buy,False,153084196,153084219
TRUMP/USDT,43956159,1753852803350,2025-07-30 05:20:03.350000,9.43,21.392,201.72655999999998,buy,False,153084220,153084220
TRUMP/USDT,43956161,1753852803351,2025-07-30 05:20:03.351000,9.43,24.826,234.10918,buy,False,153084222,153084224
TRUMP/USDT,43956160,1753852803351,2025-07-30 05:20:03.351000,9.43,218.12,2056.8716,buy,False,153084221,153084221
TRUMP/USDT,43956162,1753852803352,2025-07-30 05:20:03.352000,9.43,7.282,68.66926,buy,False,153084225,153084227
TRUMP/USDT,43956163,1753852808490,2025-07-30 05:20:08.490000,9.43,56.176,529.73968,sell,True,153084228,153084232
TRUMP/USDT,43956164,1753852812669,2025-07-30 05:20:12.669000,9.44,2.203,20.796319999999998,buy,False,153084233,153084233
TRUMP/USDT,43956165,1753852818620,2025-07-30 05:20:18.620000,9.43,113.481,1070.12583,sell,True,153084234,153084245
TRUMP/USDT,43956166,1753852818622,2025-07-30 05:20:18.622000,9.43,21.971,207.18653,sell,True,153084246,153084246
TRUMP/USDT,43956167,1753852818624,2025-07-30 05:20:18.624000,9.43,269.478,2541.17754,sell,True,153084247,153084253
TRUMP/USDT,43956168,1753852829545,2025-07-30 05:20:29.545000,9.42,1.002,9.43884,sell,True,153084254,153084254
TRUMP/USDT,43956169,1753852837129,2025-07-30 05:20:37.129000,9.43,0.396,3.73428,buy,False,153084255,153084255
TRUMP/USDT,43956171,1753852844773,2025-07-30 05:20:44.773000,9.43,0.744,7.0159199999999995,buy,False,153084280,153084284
TRUMP/USDT,43956170,1753852844773,2025-07-30 05:20:44.773000,9.43,333.668,3146.48924,buy,False,153084256,153084279
TRUMP/USDT,43956172,1753852844860,2025-07-30 05:20:44.860000,9.44,9.13,86.1872,buy,False,153084285,153084285
TRUMP/USDT,43956173,1753852844861,2025-07-30 05:20:44.861000,9.43,19.352,182.48936,sell,True,153084286,153084286
TRUMP/USDT,43956174,1753852844933,2025-07-30 05:20:44.933000,9.43,9.023,85.08689,sell,True,153084287,153084287
TRUMP/USDT,43956175,1753852844946,2025-07-30 05:20:44.946000,9.43,6.361,59.98423,sell,True,153084288,153084288
TRUMP/USDT,43956176,1753852844958,2025-07-30 05:20:44.958000,9.43,4.484,42.28412,sell,True,153084289,153084289
TRUMP/USDT,43956177,1753852844959,2025-07-30 05:20:44.959000,9.43,4.484,42.28412,sell,True,153084290,153084290
TRUMP/USDT,43956178,1753852844970,2025-07-30 05:20:44.970000,9.43,3.161,29.80823,sell,True,153084291,153084291
TRUMP/USDT,43956179,1753852844972,2025-07-30 05:20:44.972000,9.43,1.839,17.34177,sell,True,153084292,153084292
TRUMP/USDT,43956180,1753852849107,2025-07-30 05:20:49.107000,9.43,16.556,156.12308000000002,sell,True,153084293,153084293
TRUMP/USDT,43956181,1753852849127,2025-07-30 05:20:49.127000,9.43,7.089,66.84927,sell,True,153084294,153084294
TRUMP/USDT,43956182,1753852849137,2025-07-30 05:20:49.137000,9.43,4.962,46.79165999999999,sell,True,153084295,153084295
TRUMP/USDT,43956183,1753852849139,2025-07-30 05:20:49.139000,9.43,4.962,46.79165999999999,sell,True,153084296,153084296
TRUMP/USDT,43956184,1753852849149,2025-07-30 05:20:49.149000,9.43,3.474,32.75982,sell,True,153084297,153084297
TRUMP/USDT,43956185,1753852849150,2025-07-30 05:20:49.150000,9.43,1.985,18.71855,sell,True,153084298,153084298
TRUMP/USDT,43956186,1753852849204,2025-07-30 05:20:49.204000,9.43,16.84,158.8012,sell,True,153084299,153084300
TRUMP/USDT,43956187,1753852849219,2025-07-30 05:20:49.219000,9.43,11.739,110.69877000000001,sell,True,153084301,153084301
TRUMP/USDT,43956188,1753852849221,2025-07-30 05:20:49.221000,9.43,8.232,77.62776,sell,True,153084302,153084302
TRUMP/USDT,43956191,1753852849270,2025-07-30 05:20:49.270000,9.43,3.313,31.241590000000002,sell,True,153084305,153084305
TRUMP/USDT,43956190,1753852849270,2025-07-30 05:20:49.270000,9.43,5.773,54.439389999999996,sell,True,153084304,153084304
TRUMP/USDT,43956189,1753852849270,2025-07-30 05:20:49.270000,9.43,8.232,77.62776,sell,True,153084303,153084303
TRUMP/USDT,43956192,1753852849381,2025-07-30 05:20:49.381000,9.43,16.928,159.63104,sell,True,153084306,153084306
TRUMP/USDT,43956193,1753852849393,2025-07-30 05:20:49.393000,9.43,11.782,111.10426,sell,True,153084307,153084307
TRUMP/USDT,43956194,1753852849394,2025-07-30 05:20:49.394000,9.43,8.288,78.15584,sell,True,153084308,153084308
TRUMP/USDT,43956195,1753852849405,2025-07-30 05:20:49.405000,9.43,8.288,78.15584,sell,True,153084309,153084309
TRUMP/USDT,43956196,1753852849406,2025-07-30 05:20:49.406000,9.43,5.83,54.9769,sell,True,153084310,153084311
TRUMP/USDT,43956197,1753852849417,2025-07-30 05:20:49.417000,9.43,3.373,31.80739,sell,True,153084312,153084312
TRUMP/USDT,43956198,1753852849418,2025-07-30 05:20:49.418000,9.43,1.644,15.502919999999998,sell,True,153084313,153084313
TRUMP/USDT,43956199,1753852849535,2025-07-30 05:20:49.535000,9.43,16.521,155.79303000000002,sell,True,153084314,153084314
TRUMP/USDT,43956200,1753852849547,2025-07-30 05:20:49.547000,9.43,11.593,109.32199,sell,True,153084315,153084315
TRUMP/USDT,43956201,1753852849551,2025-07-30 05:20:49.551000,9.43,8.164,76.98652,sell,True,153084316,153084316
TRUMP/USDT,43956202,1753852849557,2025-07-30 05:20:49.557000,9.43,5.749,54.213069999999995,sell,True,153084317,153084317
TRUMP/USDT,43956203,1753852849560,2025-07-30 05:20:49.560000,9.43,8.164,76.98652,sell,True,153084318,153084318
TRUMP/USDT,43956204,1753852849564,2025-07-30 05:20:49.564000,9.43,5.749,54.213069999999995,sell,True,153084319,153084319
TRUMP/USDT,43956205,1753852849573,2025-07-30 05:20:49.573000,9.43,4.049,38.18207,sell,True,153084320,153084320
TRUMP/USDT,43956206,1753852854335,2025-07-30 05:20:54.335000,9.44,0.179,1.68976,buy,False,153084321,153084321
TRUMP/USDT,43956207,1753852854858,2025-07-30 05:20:54.858000,9.43,6.16,58.0888,sell,True,153084322,153084331
TRUMP/USDT,43956208,1753852855266,2025-07-30 05:20:55.266000,9.44,0.199,1.87856,buy,False,153084332,153084332
TRUMP/USDT,43956209,1753852856264,2025-07-30 05:20:56.264000,9.44,0.193,1.82192,buy,False,153084333,153084333
TRUMP/USDT,43956210,1753852856916,2025-07-30 05:20:56.916000,9.44,0.217,2.04848,buy,False,153084334,153084334
TRUMP/USDT,43956211,1753852857082,2025-07-30 05:20:57.082000,9.43,98.945,933.05135,sell,True,153084335,153084335
TRUMP/USDT,43956212,1753852857117,2025-07-30 05:20:57.117000,9.44,0.211,1.9918399999999998,buy,False,153084336,153084336
TRUMP/USDT,43956213,1753852857461,2025-07-30 05:20:57.461000,9.44,0.204,1.9257599999999997,buy,False,153084337,153084337
TRUMP/USDT,43956214,1753852857904,2025-07-30 05:20:57.904000,9.44,0.227,2.14288,buy,False,153084338,153084338
TRUMP/USDT,43956215,1753852859649,2025-07-30 05:20:59.649000,9.44,0.184,1.7369599999999998,buy,False,153084339,153084339
TRUMP/USDT,43956216,1753852860008,2025-07-30 05:21:00.008000,9.44,0.202,1.9068800000000001,buy,False,153084340,153084340
TRUMP/USDT,43956217,1753852860245,2025-07-30 05:21:00.245000,9.44,0.19,1.7935999999999999,buy,False,153084341,153084341
TRUMP/USDT,43956218,1753852860660,2025-07-30 05:21:00.660000,9.44,0.676,6.3814400000000004,buy,False,153084342,153084342
TRUMP/USDT,43956219,1753852860879,2025-07-30 05:21:00.879000,9.44,0.171,1.6142400000000001,buy,False,153084343,153084343
TRUMP/USDT,43956220,1753852861513,2025-07-30 05:21:01.513000,9.44,0.173,1.6331199999999997,buy,False,153084344,153084344
TRUMP/USDT,43956221,1753852861901,2025-07-30 05:21:01.901000,9.44,0.176,1.6614399999999998,buy,False,153084345,153084345
TRUMP/USDT,43956222,1753852862215,2025-07-30 05:21:02.215000,9.44,0.181,1.70864,buy,False,153084346,153084346
TRUMP/USDT,43956223,1753852862860,2025-07-30 05:21:02.860000,9.44,0.208,1.9635199999999997,buy,False,153084347,153084347
TRUMP/USDT,43956224,1753852863474,2025-07-30 05:21:03.474000,9.44,0.187,1.76528,buy,False,153084348,153084348
TRUMP/USDT,43956225,1753852863773,2025-07-30 05:21:03.773000,9.44,0.224,2.11456,buy,False,153084349,153084349
TRUMP/USDT,43956226,1753852864405,2025-07-30 05:21:04.405000,9.44,0.22,2.0768,buy,False,153084350,153084350
TRUMP/USDT,43956227,1753852865040,2025-07-30 05:21:05.040000,9.44,0.214,2.0201599999999997,buy,False,153084351,153084351
TRUMP/USDT,43956228,1753852865963,2025-07-30 05:21:05.963000,9.44,0.195,1.8408,buy,False,153084352,153084352
TRUMP/USDT,43956229,1753852881160,2025-07-30 05:21:21.160000,9.43,6.16,58.0888,sell,True,153084353,153084353
TRUMP/USDT,43956230,1753852882544,2025-07-30 05:21:22.544000,9.44,0.286,2.6998399999999996,buy,False,153084354,153084354
TRUMP/USDT,43956231,1753852882631,2025-07-30 05:21:22.631000,9.43,202.847,1912.8472100000001,sell,True,153084355,153084373
TRUMP/USDT,43956232,1753852882633,2025-07-30 05:21:22.633000,9.43,0.112,1.05616,sell,True,153084374,153084374
TRUMP/USDT,43956233,1753852904765,2025-07-30 05:21:44.765000,9.42,10.615,99.9933,sell,True,153084375,153084375
TRUMP/USDT,43956234,1753852920820,2025-07-30 05:22:00.820000,9.42,0.678,6.386760000000001,sell,True,153084376,153084376
TRUMP/USDT,43956235,1753852924670,2025-07-30 05:22:04.670000,9.43,12.352,116.47936,buy,False,153084377,153084381
TRUMP/USDT,43956236,1753852924671,2025-07-30 05:22:04.671000,9.43,63.625,599.98375,buy,False,153084382,153084391
TRUMP/USDT,43956237,1753852924672,2025-07-30 05:22:04.672000,9.43,22.652,213.60836,buy,False,153084392,153084392
TRUMP/USDT,43956238,1753852924673,2025-07-30 05:22:04.673000,9.43,27.895,263.04985,buy,False,153084393,153084393
TRUMP/USDT,43956239,1753852926965,2025-07-30 05:22:06.965000,9.43,7.228,68.16004,buy,False,153084394,153084394
TRUMP/USDT,43956240,1753852928927,2025-07-30 05:22:08.927000,9.43,24.954,235.31622,buy,False,153084395,153084395
TRUMP/USDT,43956241,1753852928928,2025-07-30 05:22:08.928000,9.43,49.67,468.3881,buy,False,153084396,153084396
TRUMP/USDT,43956242,1753852930141,2025-07-30 05:22:10.141000,9.43,154.691,1458.73613,buy,False,153084397,153084416
TRUMP/USDT,43956243,1753852930174,2025-07-30 05:22:10.174000,9.44,9.13,86.1872,buy,False,153084417,153084417
TRUMP/USDT,43956244,1753852936838,2025-07-30 05:22:16.838000,9.43,9.13,86.0959,sell,True,153084418,153084427
TRUMP/USDT,43956245,1753852938186,2025-07-30 05:22:18.186000,9.43,26.857,253.26151,sell,True,153084428,153084428
TRUMP/USDT,43956246,1753852938323,2025-07-30 05:22:18.323000,9.43,52.634,496.33862,sell,True,153084429,153084429
TRUMP/USDT,43956247,1753852938800,2025-07-30 05:22:18.800000,9.43,223.953,2111.87679,sell,True,153084430,153084441
TRUMP/USDT,43956248,1753852938860,2025-07-30 05:22:18.860000,9.42,9.13,86.00460000000001,sell,True,153084442,153084442
TRUMP/USDT,43956249,1753852961878,2025-07-30 05:22:41.878000,9.43,2.681,25.28183,buy,False,153084443,153084443
TRUMP/USDT,43956250,1753852976595,2025-07-30 05:22:56.595000,9.43,23.944,225.79191999999998,buy,False,153084444,153084452
TRUMP/USDT,43956251,1753852976597,2025-07-30 05:22:56.597000,9.43,23.584,222.39712,buy,False,153084453,153084453
TRUMP/USDT,43956252,1753852977212,2025-07-30 05:22:57.212000,9.43,9.13,86.0959,buy,False,153084454,153084454
TRUMP/USDT,43956253,1753852977235,2025-07-30 05:22:57.235000,9.43,9.13,86.0959,buy,False,153084455,153084455
TRUMP/USDT,43956254,1753852977246,2025-07-30 05:22:57.246000,9.43,65.544,618.0799199999999,buy,False,153084456,153084456
TRUMP/USDT,43956255,1753852977247,2025-07-30 05:22:57.247000,9.43,45.438,428.48034,buy,False,153084457,153084457
TRUMP/USDT,43956256,1753852977248,2025-07-30 05:22:57.248000,9.43,9.13,86.0959,buy,False,153084458,153084458
TRUMP/USDT,43956257,1753852977263,2025-07-30 05:22:57.263000,9.43,9.13,86.0959,buy,False,153084459,153084459
TRUMP/USDT,43956261,1753852979048,2025-07-30 05:22:59.048000,9.43,18.993,179.10398999999998,buy,False,153084463,153084463
TRUMP/USDT,43956260,1753852979048,2025-07-30 05:22:59.048000,9.43,21.639,204.05577,buy,False,153084462,153084462
TRUMP/USDT,43956262,1753852979048,2025-07-30 05:22:59.048000,9.43,18.063,170.33408999999997,buy,False,153084464,153084464
TRUMP/USDT,43956258,1753852979048,2025-07-30 05:22:59.048000,9.43,10.973,103.47539,buy,False,153084460,153084460
TRUMP/USDT,43956259,1753852979048,2025-07-30 05:22:59.048000,9.43,5.175,48.80025,buy,False,153084461,153084461
TRUMP/USDT,43956263,1753852979051,2025-07-30 05:22:59.051000,9.43,82.029,773.53347,buy,False,153084465,153084480
TRUMP/USDT,43956264,1753852979159,2025-07-30 05:22:59.159000,9.44,18.26,172.3744,buy,False,153084481,153084481
TRUMP/USDT,43956265,1753852989118,2025-07-30 05:23:09.118000,9.43,16.361,154.28423,sell,True,153084482,153084482
TRUMP/USDT,43956266,1753852989230,2025-07-30 05:23:09.230000,9.43,16.361,154.28423,sell,True,153084483,153084483
TRUMP/USDT,43956267,1753852989273,2025-07-30 05:23:09.273000,9.43,3.401,32.07143,sell,True,153084484,153084484
TRUMP/USDT,43956268,1753852989345,2025-07-30 05:23:09.345000,9.43,3.41,32.1563,sell,True,153084485,153084485
TRUMP/USDT,43956269,1753852989357,2025-07-30 05:23:09.357000,9.43,2.393,22.565989999999996,sell,True,153084486,153084486
TRUMP/USDT,43956270,1753852989359,2025-07-30 05:23:09.359000,9.43,2.394,22.57542,sell,True,153084487,153084487
TRUMP/USDT,43956271,1753852989472,2025-07-30 05:23:09.472000,9.43,17.22,162.38459999999998,sell,True,153084488,153084488
TRUMP/USDT,43956272,1753852989475,2025-07-30 05:23:09.475000,9.43,11.967,112.84881,sell,True,153084489,153084489
TRUMP/USDT,43956273,1753852989487,2025-07-30 05:23:09.487000,9.43,8.436,79.55148,sell,True,153084490,153084490
TRUMP/USDT,43956274,1753852989490,2025-07-30 05:23:09.490000,9.43,8.436,79.55148,sell,True,153084491,153084491
TRUMP/USDT,43956275,1753852989499,2025-07-30 05:23:09.499000,9.43,5.947,56.08021,sell,True,153084492,153084493
TRUMP/USDT,43956276,1753852989506,2025-07-30 05:23:09.506000,9.43,3.458,32.608940000000004,sell,True,153084494,153084494
TRUMP/USDT,43956277,1753852995282,2025-07-30 05:23:15.282000,9.43,16.167,152.45481,sell,True,153084495,153084495
TRUMP/USDT,43956278,1753852995356,2025-07-30 05:23:15.356000,9.43,15.908,150.01244,sell,True,153084496,153084496
TRUMP/USDT,43956279,1753852995358,2025-07-30 05:23:15.358000,9.43,11.238,105.97434,sell,True,153084497,153084497
TRUMP/USDT,43956280,1753852995368,2025-07-30 05:23:15.368000,9.43,7.939,74.86477,sell,True,153084498,153084516
TRUMP/USDT,43956281,1753852995369,2025-07-30 05:23:15.369000,9.43,11.238,105.97434,sell,True,153084517,153084517
TRUMP/USDT,43956283,1753852995371,2025-07-30 05:23:15.371000,9.43,7.939,74.86477,sell,True,153084519,153084519
TRUMP/USDT,43956282,1753852995371,2025-07-30 05:23:15.371000,9.43,7.939,74.86477,sell,True,153084518,153084518
TRUMP/USDT,43956284,1753852995386,2025-07-30 05:23:15.386000,9.43,5.609,52.892869999999995,sell,True,153084520,153084520
TRUMP/USDT,43956285,1753852995387,2025-07-30 05:23:15.387000,9.43,2.31,21.7833,sell,True,153084521,153084521
TRUMP/USDT,43956286,1753852995445,2025-07-30 05:23:15.445000,9.43,15.992,150.80456,sell,True,153084522,153084522
TRUMP/USDT,43956287,1753852995492,2025-07-30 05:23:15.492000,9.43,11.309,106.64386999999999,sell,True,153084523,153084523
TRUMP/USDT,43956288,1753852995492,2025-07-30 05:23:15.492000,9.43,11.309,106.64386999999999,sell,True,153084524,153084524
TRUMP/USDT,43956291,1753852995493,2025-07-30 05:23:15.493000,9.43,4.687,44.19841,sell,True,153084527,153084527
TRUMP/USDT,43956292,1753852995493,2025-07-30 05:23:15.493000,9.43,2.345,22.11335,sell,True,153084528,153084528
TRUMP/USDT,43956289,1753852995493,2025-07-30 05:23:15.493000,9.43,7.998,75.42114,sell,True,153084525,153084525
TRUMP/USDT,43956290,1753852995493,2025-07-30 05:23:15.493000,9.43,7.998,75.42114,sell,True,153084526,153084526
TRUMP/USDT,43956293,1753853000184,2025-07-30 05:23:20.184000,9.44,1.4,13.216,buy,False,153084529,153084529
TRUMP/USDT,43956294,1753853023726,2025-07-30 05:23:43.726000,9.43,257.635,2429.4980499999997,sell,True,153084530,153084534
TRUMP/USDT,43956295,1753853025132,2025-07-30 05:23:45.132000,9.43,51.976,490.13367999999997,sell,True,153084535,153084535
TRUMP/USDT,43956296,1753853041562,2025-07-30 05:24:01.562000,9.44,6.16,58.1504,buy,False,153084536,153084555
TRUMP/USDT,43956297,1753853042032,2025-07-30 05:24:02.032000,9.44,21.22,200.31679999999997,buy,False,153084556,153084556
TRUMP/USDT,43956298,1753853042033,2025-07-30 05:24:02.033000,9.44,47.945,452.6008,buy,False,153084557,153084558
TRUMP/USDT,43956300,1753853042034,2025-07-30 05:24:02.034000,9.44,10.008,94.47551999999999,buy,False,153084564,153084564
TRUMP/USDT,43956299,1753853042034,2025-07-30 05:24:02.034000,9.44,116.35,1098.3439999999998,buy,False,153084559,153084563
TRUMP/USDT,43956301,1753853042035,2025-07-30 05:24:02.035000,9.44,35.726,337.25343999999996,buy,False,153084565,153084565
TRUMP/USDT,43956302,1753853042036,2025-07-30 05:24:02.036000,9.44,21.807,205.85807999999997,buy,False,153084566,153084566
TRUMP/USDT,43956303,1753853042038,2025-07-30 05:24:02.038000,9.44,604.33,5704.8752,buy,False,153084567,153084582
TRUMP/USDT,43956304,1753853042088,2025-07-30 05:24:02.088000,9.45,18.26,172.557,buy,False,153084583,153084583
TRUMP/USDT,43956305,1753853064350,2025-07-30 05:24:24.350000,9.44,62.698,591.86912,sell,True,153084584,153084585
TRUMP/USDT,43956306,1753853080470,2025-07-30 05:24:40.470000,9.45,0.205,1.9372499999999997,buy,False,153084586,153084586
TRUMP/USDT,43956307,1753853095549,2025-07-30 05:24:55.549000,9.45,1.0,9.45,buy,False,153084587,153084593
TRUMP/USDT,43956308,1753853099719,2025-07-30 05:24:59.719000,9.45,259.303,2450.41335,buy,False,153084594,153084614
TRUMP/USDT,43956309,1753853099722,2025-07-30 05:24:59.722000,9.45,417.804,3948.2477999999996,buy,False,153084615,153084626
TRUMP/USDT,43956310,1753853100460,2025-07-30 05:25:00.460000,9.45,29.941,282.94244999999995,sell,True,153084627,153084639
TRUMP/USDT,43956311,1753853100461,2025-07-30 05:25:00.461000,9.45,113.55,1073.0475,sell,True,153084640,153084640
TRUMP/USDT,43956312,1753853100464,2025-07-30 05:25:00.464000,9.45,161.914,1530.0872999999997,sell,True,153084641,153084649
TRUMP/USDT,43956313,1753853100468,2025-07-30 05:25:00.468000,9.45,1.284,12.133799999999999,sell,True,153084650,153084658
TRUMP/USDT,43956314,1753853100985,2025-07-30 05:25:00.985000,9.44,0.306,2.8886399999999997,sell,True,153084659,153084660
TRUMP/USDT,43956315,1753853101072,2025-07-30 05:25:01.072000,9.45,0.674,6.3693,buy,False,153084661,153084661
TRUMP/USDT,43956316,1753853101539,2025-07-30 05:25:01.539000,9.45,100.906,953.5617,buy,False,153084662,153084662
TRUMP/USDT,43956317,1753853106773,2025-07-30 05:25:06.773000,9.45,9.13,86.2785,buy,False,153084663,153084668
TRUMP/USDT,43956318,1753853106935,2025-07-30 05:25:06.935000,9.45,9.13,86.2785,buy,False,153084669,153084669
TRUMP/USDT,43956319,1753853106966,2025-07-30 05:25:06.966000,9.45,9.13,86.2785,buy,False,153084670,153084670
TRUMP/USDT,43956320,1753853107208,2025-07-30 05:25:07.208000,9.45,9.13,86.2785,buy,False,153084671,153084671
TRUMP/USDT,43956321,1753853107227,2025-07-30 05:25:07.227000,9.45,9.13,86.2785,buy,False,153084672,153084672
TRUMP/USDT,43956323,1753853107888,2025-07-30 05:25:07.888000,9.45,11.687,110.44214999999998,buy,False,153084674,153084674
TRUMP/USDT,43956322,1753853107888,2025-07-30 05:25:07.888000,9.45,147.512,1393.9884,buy,False,153084673,153084673
TRUMP/USDT,43956324,1753853107893,2025-07-30 05:25:07.893000,9.45,83.198,786.2210999999999,buy,False,153084675,153084675
TRUMP/USDT,43956325,1753853107954,2025-07-30 05:25:07.954000,9.45,13.504,127.6128,buy,False,153084676,153084682
TRUMP/USDT,43956326,1753853108593,2025-07-30 05:25:08.593000,9.45,31.07,293.6115,sell,True,153084683,153084692
TRUMP/USDT,43956327,1753853108607,2025-07-30 05:25:08.607000,9.45,4.461,42.15645,sell,True,153084693,153084693
TRUMP/USDT,43956328,1753853108648,2025-07-30 05:25:08.648000,9.45,9.42,89.01899999999999,sell,True,153084694,153084694
TRUMP/USDT,43956329,1753853108650,2025-07-30 05:25:08.650000,9.45,259.875,2455.81875,sell,True,153084695,153084703
TRUMP/USDT,43956330,1753853108653,2025-07-30 05:25:08.653000,9.45,0.586,5.537699999999999,sell,True,153084704,153084707
TRUMP/USDT,43956331,1753853113317,2025-07-30 05:25:13.317000,9.44,6.736,63.58783999999999,sell,True,153084708,153084719
TRUMP/USDT,43956332,1753853116430,2025-07-30 05:25:16.430000,9.45,1.001,9.459449999999999,buy,False,153084720,153084720
TRUMP/USDT,43956333,1753853132984,2025-07-30 05:25:32.984000,9.45,136.915,1293.84675,buy,False,153084721,153084722
TRUMP/USDT,43956334,1753853132986,2025-07-30 05:25:32.986000,9.45,26.083,246.48434999999998,buy,False,153084723,153084723
TRUMP/USDT,43956335,1753853132987,2025-07-30 05:25:32.987000,9.45,786.878,7435.9971,buy,False,153084724,153084734
TRUMP/USDT,43956336,1753853132990,2025-07-30 05:25:32.990000,9.45,111.102,1049.9139,buy,False,153084735,153084738
TRUMP/USDT,43956337,1753853133002,2025-07-30 05:25:33.002000,9.45,1.284,12.133799999999999,buy,False,153084739,153084747
TRUMP/USDT,43956338,1753853133057,2025-07-30 05:25:33.057000,9.46,16.976,160.59296,buy,False,153084748,153084748
TRUMP/USDT,43956339,1753853151668,2025-07-30 05:25:51.668000,9.46,6.16,58.27360000000001,buy,False,153084749,153084750
TRUMP/USDT,43956340,1753853161057,2025-07-30 05:26:01.057000,9.45,0.675,6.37875,sell,True,153084751,153084751
TRUMP/USDT,43956341,1753853172956,2025-07-30 05:26:12.956000,9.46,9.13,86.36980000000001,buy,False,153084752,153084752
TRUMP/USDT,43956342,1753853172976,2025-07-30 05:26:12.976000,9.46,9.13,86.36980000000001,buy,False,153084753,153084753
TRUMP/USDT,43956343,1753853173876,2025-07-30 05:26:13.876000,9.46,9.13,86.36980000000001,buy,False,153084754,153084754
TRUMP/USDT,43956344,1753853173890,2025-07-30 05:26:13.890000,9.46,9.13,86.36980000000001,buy,False,153084755,153084755
TRUMP/USDT,43956345,1753853173905,2025-07-30 05:26:13.905000,9.46,9.13,86.36980000000001,buy,False,153084756,153084756
TRUMP/USDT,43956346,1753853173956,2025-07-30 05:26:13.956000,9.46,142.637,1349.3460200000002,buy,False,153084757,153084757
TRUMP/USDT,43956347,1753853173957,2025-07-30 05:26:13.957000,9.46,709.666,6713.440360000001,buy,False,153084758,153084801
TRUMP/USDT,43956348,1753853174064,2025-07-30 05:26:14.064000,9.47,18.26,172.92220000000003,buy,False,153084802,153084802
TRUMP/USDT,43956349,1753853174750,2025-07-30 05:26:14.750000,9.46,1.996,18.882160000000002,sell,True,153084803,153084803
TRUMP/USDT,43956350,1753853175182,2025-07-30 05:26:15.182000,9.46,0.308,2.9136800000000003,sell,True,153084804,153084804
TRUMP/USDT,43956351,1753853175199,2025-07-30 05:26:15.199000,9.46,0.308,2.9136800000000003,sell,True,153084805,153084805
TRUMP/USDT,43956352,1753853184807,2025-07-30 05:26:24.807000,9.46,29.28,276.9888,sell,True,153084806,153084806
TRUMP/USDT,43956353,1753853184817,2025-07-30 05:26:24.817000,9.46,8.034,76.00164000000001,sell,True,153084807,153084807
TRUMP/USDT,43956354,1753853184872,2025-07-30 05:26:24.872000,9.46,13.054,123.49084000000002,sell,True,153084808,153084808
TRUMP/USDT,43956355,1753853184898,2025-07-30 05:26:24.898000,9.46,3.276,30.99096,sell,True,153084809,153084809
TRUMP/USDT,43956356,1753853184917,2025-07-30 05:26:24.917000,9.46,1.483,14.029180000000002,sell,True,153084810,153084819
TRUMP/USDT,43956357,1753853184946,2025-07-30 05:26:24.946000,9.46,7.08,66.97680000000001,sell,True,153084820,153084822
TRUMP/USDT,43956358,1753853184965,2025-07-30 05:26:24.965000,9.46,1.12,10.595200000000002,sell,True,153084823,153084823
TRUMP/USDT,43956359,1753853184978,2025-07-30 05:26:24.978000,9.46,2.599,24.586540000000003,sell,True,153084824,153084824
TRUMP/USDT,43956360,1753853185025,2025-07-30 05:26:25.025000,9.46,1.59,15.041400000000003,sell,True,153084825,153084825
TRUMP/USDT,43956361,1753853185045,2025-07-30 05:26:25.045000,9.46,6.878,65.06588,sell,True,153084826,153084826
TRUMP/USDT,43956362,1753853185271,2025-07-30 05:26:25.271000,9.46,162.65,1538.669,sell,True,153084827,153084827
TRUMP/USDT,43956363,1753853185282,2025-07-30 05:26:25.282000,9.46,133.557,1263.44922,sell,True,153084828,153084836
TRUMP/USDT,43956364,1753853185352,2025-07-30 05:26:25.352000,9.46,301.284,2850.1466400000004,sell,True,153084837,153084846
TRUMP/USDT,43956365,1753853189529,2025-07-30 05:26:29.529000,9.46,19.446,183.95916000000003,buy,False,153084847,153084852
TRUMP/USDT,43956366,1753853189531,2025-07-30 05:26:29.531000,9.46,17.848,168.84208,buy,False,153084853,153084857
TRUMP/USDT,43956367,1753853195167,2025-07-30 05:26:35.167000,9.46,26.787,253.40502,buy,False,153084858,153084858
TRUMP/USDT,43956368,1753853196458,2025-07-30 05:26:36.458000,9.46,37.361,353.43506,buy,False,153084859,153084859
TRUMP/USDT,43956369,1753853196458,2025-07-30 05:26:36.458000,9.46,45.527,430.68542,buy,False,153084860,153084860
TRUMP/USDT,43956370,1753853196468,2025-07-30 05:26:36.468000,9.46,39.42,372.9132000000001,buy,False,153084861,153084861
TRUMP/USDT,43956371,1753853196476,2025-07-30 05:26:36.476000,9.46,16.194,153.19524,buy,False,153084862,153084862
TRUMP/USDT,43956372,1753853196503,2025-07-30 05:26:36.503000,9.46,152.699,1444.5325400000002,buy,False,153084863,153084876
TRUMP/USDT,43956373,1753853196503,2025-07-30 05:26:36.503000,9.46,0.112,1.05952,buy,False,153084877,153084877
TRUMP/USDT,43956374,1753853196612,2025-07-30 05:26:36.612000,9.46,16.399,155.13454000000002,sell,True,153084878,153084878
TRUMP/USDT,43956375,1753853196722,2025-07-30 05:26:36.722000,9.46,16.24,153.6304,sell,True,153084879,153084879
TRUMP/USDT,43956376,1753853200469,2025-07-30 05:26:40.469000,9.47,0.172,1.62884,buy,False,153084880,153084880
TRUMP/USDT,43956377,1753853200470,2025-07-30 05:26:40.470000,9.46,0.185,1.7501000000000002,sell,True,153084881,153084881
TRUMP/USDT,43956378,1753853202245,2025-07-30 05:26:42.245000,9.46,1.02,9.6492,sell,True,153084882,153084882
TRUMP/USDT,43956379,1753853202843,2025-07-30 05:26:42.843000,9.46,10.242,96.88932000000001,sell,True,153084883,153084883
TRUMP/USDT,43956380,1753853207532,2025-07-30 05:26:47.532000,9.47,6.16,58.33520000000001,buy,False,153084884,153084884
TRUMP/USDT,43956381,1753853208377,2025-07-30 05:26:48.377000,9.46,119.0,1125.74,sell,True,153084885,153084885
TRUMP/USDT,43956382,1753853236214,2025-07-30 05:27:16.214000,9.46,160.0,1513.6000000000001,sell,True,153084886,153084886
TRUMP/USDT,43956383,1753853260344,2025-07-30 05:27:40.344000,9.46,1.258,11.900680000000001,sell,True,153084887,153084887
TRUMP/USDT,43956384,1753853273846,2025-07-30 05:27:53.846000,9.46,170.879,1616.5153400000002,sell,True,153084888,153084888
TRUMP/USDT,43956385,1753853280887,2025-07-30 05:28:00.887000,9.47,0.672,6.363840000000001,buy,False,153084889,153084894
TRUMP/USDT,43956386,1753853325077,2025-07-30 05:28:45.077000,9.47,9.13,86.46110000000002,buy,False,153084895,153084916
TRUMP/USDT,43956387,1753853325086,2025-07-30 05:28:45.086000,9.47,9.13,86.46110000000002,buy,False,153084917,153084922
TRUMP/USDT,43956388,1753853325094,2025-07-30 05:28:45.094000,9.47,9.13,86.46110000000002,buy,False,153084923,153084923
TRUMP/USDT,43956389,1753853325103,2025-07-30 05:28:45.103000,9.47,9.13,86.46110000000002,buy,False,153084924,153084924
TRUMP/USDT,43956390,1753853325115,2025-07-30 05:28:45.115000,9.47,9.13,86.46110000000002,buy,False,153084925,153084925
TRUMP/USDT,43956391,1753853325115,2025-07-30 05:28:45.115000,9.47,9.13,86.46110000000002,buy,False,153084926,153084926
TRUMP/USDT,43956392,1753853325131,2025-07-30 05:28:45.131000,9.47,9.13,86.46110000000002,buy,False,153084927,153084927
TRUMP/USDT,43956393,1753853325770,2025-07-30 05:28:45.770000,9.47,9.13,86.46110000000002,buy,False,153084928,153084928
TRUMP/USDT,43956394,1753853325792,2025-07-30 05:28:45.792000,9.47,9.13,86.46110000000002,buy,False,153084929,153084929
TRUMP/USDT,43956395,1753853325812,2025-07-30 05:28:45.812000,9.47,9.13,86.46110000000002,buy,False,153084930,153084930
TRUMP/USDT,43956396,1753853325831,2025-07-30 05:28:45.831000,9.47,9.13,86.46110000000002,buy,False,153084931,153084931
TRUMP/USDT,43956397,1753853325857,2025-07-30 05:28:45.857000,9.47,9.13,86.46110000000002,buy,False,153084932,153084932
TRUMP/USDT,43956398,1753853325862,2025-07-30 05:28:45.862000,9.47,9.13,86.46110000000002,buy,False,153084933,153084933
TRUMP/USDT,43956399,1753853325875,2025-07-30 05:28:45.875000,9.47,9.13,86.46110000000002,buy,False,153084934,153084934
TRUMP/USDT,43956400,1753853325918,2025-07-30 05:28:45.918000,9.47,9.13,86.46110000000002,buy,False,153084935,153084935
TRUMP/USDT,43956401,1753853325937,2025-07-30 05:28:45.937000,9.47,9.13,86.46110000000002,buy,False,153084936,153084936
TRUMP/USDT,43956402,1753853325953,2025-07-30 05:28:45.953000,9.47,460.706,4362.88582,buy,False,153084937,153084938
TRUMP/USDT,43956403,1753853325953,2025-07-30 05:28:45.953000,9.47,405.422,3839.3463400000005,buy,False,153084939,153084941
TRUMP/USDT,43956404,1753853325954,2025-07-30 05:28:45.954000,9.47,663.055,6279.13085,buy,False,153084942,153084942
TRUMP/USDT,43956405,1753853325956,2025-07-30 05:28:45.956000,9.47,43.473,411.68931000000003,buy,False,153084943,153084952
TRUMP/USDT,43956406,1753853326056,2025-07-30 05:28:46.056000,9.48,9.13,86.5524,buy,False,153084953,153084953
TRUMP/USDT,43956407,1753853326321,2025-07-30 05:28:46.321000,9.47,0.306,2.8978200000000003,sell,True,153084954,153084954
TRUMP/USDT,43956408,1753853327636,2025-07-30 05:28:47.636000,9.48,12.509,118.58532000000001,buy,False,153084955,153084955
TRUMP/USDT,43956409,1753853341043,2025-07-30 05:29:01.043000,9.47,0.674,6.382780000000001,sell,True,153084956,153084956
TRUMP/USDT,43956410,1753853371890,2025-07-30 05:29:31.890000,9.48,1.16,10.9968,buy,False,153084957,153084957
TRUMP/USDT,43956411,1753853373381,2025-07-30 05:29:33.381000,9.47,15.0,142.05,sell,True,153084958,153084958
TRUMP/USDT,43956412,1753853385723,2025-07-30 05:29:45.723000,9.48,21.092,199.95216,buy,False,153084959,153084959
TRUMP/USDT,43956413,1753853388464,2025-07-30 05:29:48.464000,9.47,14.421,136.56687,sell,True,153084960,153084960
TRUMP/USDT,43956414,1753853396094,2025-07-30 05:29:56.094000,9.48,20.0,189.60000000000002,buy,False,153084961,153084961
TRUMP/USDT,43956415,1753853397300,2025-07-30 05:29:57.300000,9.47,76.084,720.51548,sell,True,153084962,153084963
TRUMP/USDT,43956416,1753853428459,2025-07-30 05:30:28.459000,9.47,0.288,2.72736,sell,True,153084964,153084964
TRUMP/USDT,43956417,1753853455861,2025-07-30 05:30:55.861000,9.48,0.45,4.266,buy,False,153084965,153084967
TRUMP/USDT,43956418,1753853455944,2025-07-30 05:30:55.944000,9.48,34.77,329.61960000000005,buy,False,153084968,153085006
TRUMP/USDT,43956419,1753853456405,2025-07-30 05:30:56.405000,9.48,0.204,1.9339199999999999,sell,True,153085007,153085007
TRUMP/USDT,43956420,1753853457187,2025-07-30 05:30:57.187000,9.48,0.306,2.90088,sell,True,153085008,153085008
TRUMP/USDT,43956421,1753853458866,2025-07-30 05:30:58.866000,9.48,109.77,1040.6196,sell,True,153085009,153085010
TRUMP/USDT,43956422,1753853459449,2025-07-30 05:30:59.449000,9.49,4.71,44.697900000000004,buy,False,153085011,153085011
TRUMP/USDT,43956423,1753853460700,2025-07-30 05:31:00.700000,9.48,163.81,1552.9188000000001,sell,True,153085012,153085021
TRUMP/USDT,43956424,1753853460781,2025-07-30 05:31:00.781000,9.48,206.393,1956.60564,sell,True,153085022,153085030
TRUMP/USDT,43956425,1753853460782,2025-07-30 05:31:00.782000,9.48,0.111,1.05228,sell,True,153085031,153085031
TRUMP/USDT,43956426,1753853460868,2025-07-30 05:31:00.868000,9.47,9.13,86.46110000000002,sell,True,153085032,153085032
TRUMP/USDT,43956427,1753853469310,2025-07-30 05:31:09.310000,9.48,7.272,68.93856000000001,buy,False,153085033,153085035
TRUMP/USDT,43956428,1753853469315,2025-07-30 05:31:09.315000,9.48,9.547,90.50556,buy,False,153085036,153085036
TRUMP/USDT,43956429,1753853469349,2025-07-30 05:31:09.349000,9.48,12.854,121.85592,buy,False,153085037,153085038
TRUMP/USDT,43956430,1753853469354,2025-07-30 05:31:09.354000,9.48,15.041,142.58868,buy,False,153085039,153085039
TRUMP/USDT,43956431,1753853471320,2025-07-30 05:31:11.320000,9.48,292.915,2776.8342000000002,buy,False,153085040,153085045
TRUMP/USDT,43956432,1753853471345,2025-07-30 05:31:11.345000,9.48,0.336,3.1852800000000006,buy,False,153085046,153085048
TRUMP/USDT,43956433,1753853474781,2025-07-30 05:31:14.781000,9.48,0.134,1.2703200000000001,sell,True,153085049,153085049
TRUMP/USDT,43956434,1753853480949,2025-07-30 05:31:20.949000,9.48,9.02,85.5096,sell,True,153085050,153085050
TRUMP/USDT,43956435,1753853481026,2025-07-30 05:31:21.026000,9.48,166.328,1576.78944,sell,True,153085051,153085061
TRUMP/USDT,43956436,1753853481051,2025-07-30 05:31:21.051000,9.48,27.688,262.48224,sell,True,153085062,153085062
TRUMP/USDT,43956437,1753853481061,2025-07-30 05:31:21.061000,9.48,0.284,2.69232,sell,True,153085063,153085063
TRUMP/USDT,43956438,1753853481144,2025-07-30 05:31:21.144000,9.48,117.16,1110.6768,sell,True,153085064,153085072
TRUMP/USDT,43956439,1753853506963,2025-07-30 05:31:46.963000,9.47,9.02,85.4194,sell,True,153085073,153085090
TRUMP/USDT,43956440,1753853508754,2025-07-30 05:31:48.754000,9.47,6.16,58.33520000000001,sell,True,153085091,153085091
TRUMP/USDT,43956441,1753853509693,2025-07-30 05:31:49.693000,9.47,1.998,18.92106,sell,True,153085092,153085092
TRUMP/USDT,43956442,1753853512361,2025-07-30 05:31:52.361000,9.47,6.16,58.33520000000001,sell,True,153085093,153085093
TRUMP/USDT,43956443,1753853512740,2025-07-30 05:31:52.740000,9.47,122.31,1158.2757000000001,sell,True,153085094,153085099
TRUMP/USDT,43956444,1753853512740,2025-07-30 05:31:52.740000,9.47,199.066,1885.1550200000001,sell,True,153085100,153085100
TRUMP/USDT,43956445,1753853512772,2025-07-30 05:31:52.772000,9.47,9.02,85.4194,sell,True,153085101,153085101
TRUMP/USDT,43956446,1753853513058,2025-07-30 05:31:53.058000,9.47,3.297,31.222590000000004,sell,True,153085102,153085102
TRUMP/USDT,43956447,1753853513078,2025-07-30 05:31:53.078000,9.47,2.318,21.95146,sell,True,153085103,153085103
TRUMP/USDT,43956448,1753853513090,2025-07-30 05:31:53.090000,9.47,1.629,15.426630000000001,sell,True,153085104,153085104
TRUMP/USDT,43956449,1753853513183,2025-07-30 05:31:53.183000,9.47,17.47,165.4409,sell,True,153085105,153085105
TRUMP/USDT,43956450,1753853513186,2025-07-30 05:31:53.186000,9.47,12.278,116.27266000000002,sell,True,153085106,153085106
TRUMP/USDT,43956451,1753853513197,2025-07-30 05:31:53.197000,9.47,12.217,115.69499000000002,sell,True,153085107,153085107
TRUMP/USDT,43956452,1753853513199,2025-07-30 05:31:53.199000,9.47,8.586,81.30942,sell,True,153085108,153085108
TRUMP/USDT,43956453,1753853513211,2025-07-30 05:31:53.211000,9.47,4.973,47.09431,sell,True,153085109,153085109
TRUMP/USDT,43956454,1753853513288,2025-07-30 05:31:53.288000,9.47,17.051,161.47297,sell,True,153085110,153085110
TRUMP/USDT,43956455,1753853513300,2025-07-30 05:31:53.300000,9.47,11.979,113.44113,sell,True,153085111,153085111
TRUMP/USDT,43956456,1753853513303,2025-07-30 05:31:53.303000,9.47,8.445,79.97415000000001,sell,True,153085112,153085112
TRUMP/USDT,43956457,1753853513347,2025-07-30 05:31:53.347000,9.47,5.954,56.38438,sell,True,153085113,153085113
TRUMP/USDT,43956458,1753853513347,2025-07-30 05:31:53.347000,9.47,8.445,79.97415000000001,sell,True,153085114,153085114
TRUMP/USDT,43956459,1753853513347,2025-07-30 05:31:53.347000,9.47,3.463,32.794610000000006,sell,True,153085115,153085115
TRUMP/USDT,43956460,1753853513408,2025-07-30 05:31:53.408000,9.47,16.826,159.34222000000003,sell,True,153085116,153085116
TRUMP/USDT,43956461,1753853513419,2025-07-30 05:31:53.419000,9.47,11.833,112.05851000000001,sell,True,153085117,153085117
TRUMP/USDT,43956462,1753853513424,2025-07-30 05:31:53.424000,9.47,8.351,79.08397000000001,sell,True,153085118,153085118
TRUMP/USDT,43956463,1753853513435,2025-07-30 05:31:53.435000,9.47,8.352,79.09344000000002,sell,True,153085119,153085119
TRUMP/USDT,43956464,1753853513437,2025-07-30 05:31:53.437000,9.47,5.894,55.81618,sell,True,153085120,153085120
TRUMP/USDT,43956465,1753853513445,2025-07-30 05:31:53.445000,9.47,3.437,32.54839,sell,True,153085121,153085121
TRUMP/USDT,43956466,1753853513768,2025-07-30 05:31:53.768000,9.47,9.13,86.46110000000002,sell,True,153085122,153085122
TRUMP/USDT,43956467,1753853514844,2025-07-30 05:31:54.844000,9.47,9.13,86.46110000000002,sell,True,153085123,153085123
TRUMP/USDT,43956468,1753853514898,2025-07-30 05:31:54.898000,9.47,9.13,86.46110000000002,sell,True,153085124,153085124
TRUMP/USDT,43956469,1753853514945,2025-07-30 05:31:54.945000,9.47,101.478,960.99666,sell,True,153085125,153085137
TRUMP/USDT,43956470,1753853515062,2025-07-30 05:31:55.062000,9.46,9.13,86.36980000000001,sell,True,153085138,153085138
TRUMP/USDT,43956471,1753853520420,2025-07-30 05:32:00.420000,9.47,45.251,428.52697,buy,False,153085139,153085139
TRUMP/USDT,43956472,1753853520849,2025-07-30 05:32:00.849000,9.47,0.669,6.335430000000001,buy,False,153085140,153085140
TRUMP/USDT,43956473,1753853531915,2025-07-30 05:32:11.915000,9.47,0.529,5.0096300000000005,buy,False,153085141,153085141
TRUMP/USDT,43956474,1753853533642,2025-07-30 05:32:13.642000,9.46,16.943,160.28078000000002,sell,True,153085142,153085142
TRUMP/USDT,43956475,1753853542761,2025-07-30 05:32:22.761000,9.46,6.16,58.27360000000001,sell,True,153085143,153085144
TRUMP/USDT,43956476,1753853542907,2025-07-30 05:32:22.907000,9.46,158.771,1501.97366,sell,True,153085145,153085145
TRUMP/USDT,43956477,1753853544581,2025-07-30 05:32:24.581000,9.46,312.486,2956.11756,sell,True,153085146,153085165
TRUMP/USDT,43956478,1753853544583,2025-07-30 05:32:24.583000,9.46,0.316,2.9893600000000005,sell,True,153085166,153085167
TRUMP/USDT,43956479,1753853560366,2025-07-30 05:32:40.366000,9.46,90.951,860.39646,buy,False,153085168,153085171
TRUMP/USDT,43956480,1753853560368,2025-07-30 05:32:40.368000,9.46,151.968,1437.61728,buy,False,153085172,153085172
TRUMP/USDT,43956481,1753853560563,2025-07-30 05:32:40.563000,9.46,23.035,217.91110000000003,buy,False,153085173,153085173
TRUMP/USDT,43956482,1753853560564,2025-07-30 05:32:40.564000,9.46,60.01,567.6946,buy,False,153085174,153085178
TRUMP/USDT,43956483,1753853560564,2025-07-30 05:32:40.564000,9.46,8.134,76.94764,buy,False,153085179,153085184
TRUMP/USDT,43956484,1753853568239,2025-07-30 05:32:48.239000,9.46,90.082,852.1757200000001,sell,True,153085185,153085185
TRUMP/USDT,43956485,1753853581014,2025-07-30 05:33:01.014000,9.47,0.674,6.382780000000001,buy,False,153085186,153085186
TRUMP/USDT,43956486,1753853590781,2025-07-30 05:33:10.781000,9.47,86.778,821.7876600000001,buy,False,153085187,153085189
TRUMP/USDT,43956487,1753853622370,2025-07-30 05:33:42.370000,9.46,6.032,57.062720000000006,sell,True,153085190,153085200
TRUMP/USDT,43956488,1753853629013,2025-07-30 05:33:49.013000,9.46,11.836,111.96856000000001,sell,True,153085201,153085216
TRUMP/USDT,43956489,1753853629057,2025-07-30 05:33:49.057000,9.45,6.16,58.211999999999996,sell,True,153085217,153085217
TRUMP/USDT,43956490,1753853638883,2025-07-30 05:33:58.883000,9.46,9.13,86.36980000000001,buy,False,153085218,153085220
TRUMP/USDT,43956491,1753853638900,2025-07-30 05:33:58.900000,9.46,9.13,86.36980000000001,buy,False,153085221,153085221
TRUMP/USDT,43956492,1753853641022,2025-07-30 05:34:01.022000,9.45,0.675,6.37875,sell,True,153085222,153085222
TRUMP/USDT,43956493,1753853644570,2025-07-30 05:34:04.570000,9.45,263.431,2489.4229499999997,sell,True,153085223,153085227
TRUMP/USDT,43956494,1753853648506,2025-07-30 05:34:08.506000,9.45,1.0,9.45,sell,True,153085228,153085228
TRUMP/USDT,43956495,1753853669292,2025-07-30 05:34:29.292000,9.45,10.527,99.48014999999998,sell,True,153085229,153085229
TRUMP/USDT,43956496,1753853672361,2025-07-30 05:34:32.361000,9.46,37.848,358.04208,buy,False,153085230,153085238
TRUMP/USDT,43956497,1753853685400,2025-07-30 05:34:45.400000,9.46,0.9,8.514000000000001,sell,True,153085239,153085245
TRUMP/USDT,43956498,1753853685406,2025-07-30 05:34:45.406000,9.46,10.538,99.68948000000002,sell,True,153085246,153085253
TRUMP/USDT,43956499,1753853685567,2025-07-30 05:34:45.567000,9.45,12.209,115.37504999999999,sell,True,153085254,153085254
TRUMP/USDT,43956500,1753853687767,2025-07-30 05:34:47.767000,9.46,9.13,86.36980000000001,buy,False,153085255,153085256
TRUMP/USDT,43956501,1753853687788,2025-07-30 05:34:47.788000,9.46,9.13,86.36980000000001,buy,False,153085257,153085257
TRUMP/USDT,43956502,1753853687805,2025-07-30 05:34:47.805000,9.46,9.13,86.36980000000001,buy,False,153085258,153085261
TRUMP/USDT,43956503,1753853698745,2025-07-30 05:34:58.745000,9.45,0.206,1.9466999999999997,sell,True,153085262,153085262
TRUMP/USDT,43956504,1753853699355,2025-07-30 05:34:59.355000,9.46,51.506,487.24676000000005,buy,False,153085263,153085269
TRUMP/USDT,43956505,1753853699597,2025-07-30 05:34:59.597000,9.47,15.722,148.88734,buy,False,153085270,153085271
TRUMP/USDT,43956506,1753853701041,2025-07-30 05:35:01.041000,9.46,0.674,6.376040000000001,sell,True,153085272,153085272
TRUMP/USDT,43956507,1753853702082,2025-07-30 05:35:02.082000,9.47,527.129,4991.9116300000005,buy,False,153085273,153085274
TRUMP/USDT,43956508,1753853703302,2025-07-30 05:35:03.302000,9.46,4.942,46.75132000000001,sell,True,153085275,153085275
TRUMP/USDT,43956509,1753853704820,2025-07-30 05:35:04.820000,9.46,16.12,152.4952,sell,True,153085276,153085276
TRUMP/USDT,43956510,1753853704953,2025-07-30 05:35:04.953000,9.46,3.249,30.735540000000004,sell,True,153085277,153085277
TRUMP/USDT,43956511,1753853705048,2025-07-30 05:35:05.048000,9.46,10.596,100.23816000000001,sell,True,153085278,153085278
TRUMP/USDT,43956512,1753853705058,2025-07-30 05:35:05.058000,9.46,7.5,70.95,sell,True,153085279,153085279
TRUMP/USDT,43956513,1753853705060,2025-07-30 05:35:05.060000,9.46,5.489,51.925940000000004,sell,True,153085280,153085280
TRUMP/USDT,43956514,1753853705061,2025-07-30 05:35:05.061000,9.46,2.393,22.63778,sell,True,153085281,153085281
TRUMP/USDT,43956515,1753853705163,2025-07-30 05:35:05.163000,9.46,3.185,30.130100000000002,sell,True,153085282,153085282
TRUMP/USDT,43956516,1753853705176,2025-07-30 05:35:05.176000,9.46,2.259,21.37014,sell,True,153085283,153085283
TRUMP/USDT,43956517,1753853707165,2025-07-30 05:35:07.165000,9.46,1.603,15.164380000000001,sell,True,153085284,153085284
TRUMP/USDT,43956518,1753853737432,2025-07-30 05:35:37.432000,9.47,35.079,332.19813000000005,buy,False,153085285,153085293
TRUMP/USDT,43956519,1753853737433,2025-07-30 05:35:37.433000,9.47,0.112,1.06064,buy,False,153085294,153085294
TRUMP/USDT,43956520,1753853741362,2025-07-30 05:35:41.362000,9.48,7.077,67.08996,buy,False,153085295,153085295
TRUMP/USDT,43956521,1753853759176,2025-07-30 05:35:59.176000,9.47,7.086,67.10442,sell,True,153085296,153085300
TRUMP/USDT,43956522,1753853760266,2025-07-30 05:36:00.266000,9.47,18.374,174.00178,sell,True,153085301,153085323
TRUMP/USDT,43956523,1753853795090,2025-07-30 05:36:35.090000,9.47,1.056,10.00032,buy,False,153085324,153085326
TRUMP/USDT,43956524,1753853821067,2025-07-30 05:37:01.067000,9.47,0.669,6.335430000000001,buy,False,153085327,153085327
TRUMP/USDT,43956525,1753853821364,2025-07-30 05:37:01.364000,9.47,28.904,273.72088,buy,False,153085328,153085333
TRUMP/USDT,43956526,1753853821406,2025-07-30 05:37:01.406000,9.47,0.336,3.1819200000000003,buy,False,153085334,153085336
TRUMP/USDT,43956527,1753853830425,2025-07-30 05:37:10.425000,9.48,0.642,6.0861600000000005,buy,False,153085337,153085337
TRUMP/USDT,43956528,1753853837512,2025-07-30 05:37:17.512000,9.47,12.152,115.07944,sell,True,153085338,153085355
TRUMP/USDT,43956529,1753853839820,2025-07-30 05:37:19.820000,9.46,0.606,5.732760000000001,sell,True,153085356,153085356
TRUMP/USDT,43956530,1753853866203,2025-07-30 05:37:46.203000,9.46,2.024,19.14704,sell,True,153085357,153085361
TRUMP/USDT,43956531,1753853866448,2025-07-30 05:37:46.448000,9.46,17.499,165.54054,sell,True,153085362,153085362
TRUMP/USDT,43956532,1753853866460,2025-07-30 05:37:46.460000,9.46,12.271,116.08366000000002,sell,True,153085363,153085363
TRUMP/USDT,43956533,1753853866463,2025-07-30 05:37:46.463000,9.46,8.667,81.98982000000001,sell,True,153085364,153085364
TRUMP/USDT,43956535,1753853866475,2025-07-30 05:37:46.475000,9.46,6.122,57.914120000000004,sell,True,153085366,153085366
TRUMP/USDT,43956534,1753853866475,2025-07-30 05:37:46.475000,9.46,8.668,81.99928,sell,True,153085365,153085365
TRUMP/USDT,43956536,1753853866487,2025-07-30 05:37:46.487000,9.46,3.577,33.83842,sell,True,153085367,153085367
TRUMP/USDT,43956537,1753853866488,2025-07-30 05:37:46.488000,9.46,1.779,16.829340000000002,sell,True,153085368,153085368
TRUMP/USDT,43956538,1753853866602,2025-07-30 05:37:46.602000,9.46,16.29,154.1034,sell,True,153085369,153085369
TRUMP/USDT,43956539,1753853866602,2025-07-30 05:37:46.602000,9.46,11.39,107.74940000000001,sell,True,153085370,153085370
TRUMP/USDT,43956540,1753853866625,2025-07-30 05:37:46.625000,9.46,8.078,76.41788,sell,True,153085371,153085371
TRUMP/USDT,43956541,1753853866633,2025-07-30 05:37:46.633000,9.46,5.73,54.20580000000001,sell,True,153085372,153085372
TRUMP/USDT,43956542,1753853866646,2025-07-30 05:37:46.646000,9.46,4.064,38.445440000000005,sell,True,153085373,153085373
TRUMP/USDT,43956543,1753853866653,2025-07-30 05:37:46.653000,9.46,2.883,27.273180000000004,sell,True,153085374,153085374
TRUMP/USDT,43956544,1753853866660,2025-07-30 05:37:46.660000,9.46,2.883,27.273180000000004,sell,True,153085375,153085375
TRUMP/USDT,43956545,1753853868678,2025-07-30 05:37:48.678000,9.46,5.109,48.331140000000005,sell,True,153085376,153085376
TRUMP/USDT,43956546,1753853869207,2025-07-30 05:37:49.207000,9.46,28.59,270.4614,sell,True,153085377,153085377
TRUMP/USDT,43956547,1753853880897,2025-07-30 05:38:00.897000,9.47,0.672,6.363840000000001,buy,False,153085378,153085378
TRUMP/USDT,43956548,1753853885020,2025-07-30 05:38:05.020000,9.47,6.16,58.33520000000001,buy,False,153085379,153085380
TRUMP/USDT,43956549,1753853888281,2025-07-30 05:38:08.281000,9.46,7.0,66.22,sell,True,153085381,153085381
TRUMP/USDT,43956550,1753853889933,2025-07-30 05:38:09.933000,9.47,6.16,58.33520000000001,buy,False,153085382,153085382
TRUMP/USDT,43956551,1753853905588,2025-07-30 05:38:25.588000,9.47,1.689,15.994830000000002,buy,False,153085383,153085384
TRUMP/USDT,43956552,1753853906315,2025-07-30 05:38:26.315000,9.47,7.1,67.237,buy,False,153085385,153085385
TRUMP/USDT,43956553,1753853907401,2025-07-30 05:38:27.401000,9.46,3.0,28.380000000000003,sell,True,153085386,153085386
TRUMP/USDT,43956554,1753853921689,2025-07-30 05:38:41.689000,9.46,3.68,34.8128,sell,True,153085387,153085387
TRUMP/USDT,43956555,1753853921748,2025-07-30 05:38:41.748000,9.46,11.33,107.18180000000001,sell,True,153085388,153085388
TRUMP/USDT,43956556,1753853922560,2025-07-30 05:38:42.560000,9.47,6.16,58.33520000000001,buy,False,153085389,153085389
TRUMP/USDT,43956557,1753853923025,2025-07-30 05:38:43.025000,9.47,50.454,477.79938000000004,buy,False,153085390,153085396
TRUMP/USDT,43956558,1753853923026,2025-07-30 05:38:43.026000,9.47,153.093,1449.79071,buy,False,153085397,153085398
TRUMP/USDT,43956559,1753853923058,2025-07-30 05:38:43.058000,9.48,9.13,86.5524,buy,False,153085399,153085399
TRUMP/USDT,43956560,1753853934590,2025-07-30 05:38:54.590000,9.47,1.035,9.801449999999999,sell,True,153085400,153085400
TRUMP/USDT,43956561,1753853941087,2025-07-30 05:39:01.087000,9.47,0.674,6.382780000000001,sell,True,153085401,153085401
TRUMP/USDT,43956562,1753853949457,2025-07-30 05:39:09.457000,9.48,108.167,1025.42316,buy,False,153085402,153085402
TRUMP/USDT,43956563,1753853949458,2025-07-30 05:39:09.458000,9.48,93.829,889.49892,buy,False,153085403,153085403
TRUMP/USDT,43956564,1753853953393,2025-07-30 05:39:13.393000,9.48,399.677,3788.93796,buy,False,153085404,153085414
TRUMP/USDT,43956566,1753853955648,2025-07-30 05:39:15.648000,9.48,0.112,1.06176,buy,False,153085419,153085419
TRUMP/USDT,43956565,1753853955648,2025-07-30 05:39:15.648000,9.48,20.974,198.83352000000002,buy,False,153085415,153085418
TRUMP/USDT,43956567,1753853964242,2025-07-30 05:39:24.242000,9.49,63.986,607.22714,buy,False,153085420,153085420
TRUMP/USDT,43956568,1753853967544,2025-07-30 05:39:27.544000,9.48,12.439,117.92172000000001,sell,True,153085421,153085437
TRUMP/USDT,43956569,1753854000873,2025-07-30 05:40:00.873000,9.48,0.672,6.370560000000001,buy,False,153085438,153085438
TRUMP/USDT,43956570,1753854016492,2025-07-30 05:40:16.492000,9.48,199.625,1892.4450000000002,buy,False,153085439,153085439
TRUMP/USDT,43956571,1753854025175,2025-07-30 05:40:25.175000,9.47,0.435,4.1194500000000005,sell,True,153085440,153085440
TRUMP/USDT,43956572,1753854038235,2025-07-30 05:40:38.235000,9.47,0.999,9.46053,sell,True,153085441,153085441
TRUMP/USDT,43956573,1753854045470,2025-07-30 05:40:45.470000,9.47,0.231,2.1875700000000005,sell,True,153085442,153085442
TRUMP/USDT,43956574,1753854058117,2025-07-30 05:40:58.117000,9.48,1.839,17.43372,buy,False,153085443,153085443
TRUMP/USDT,43956575,1753854058993,2025-07-30 05:40:58.993000,9.47,10.559,99.99373,sell,True,153085444,153085444
TRUMP/USDT,43956576,1753854061005,2025-07-30 05:41:01.005000,9.47,0.674,6.382780000000001,sell,True,153085445,153085445
TRUMP/USDT,43956577,1753854074722,2025-07-30 05:41:14.722000,9.48,1.002,9.49896,buy,False,153085446,153085446
TRUMP/USDT,43956578,1753854106416,2025-07-30 05:41:46.416000,9.48,103.54,981.5592000000001,buy,False,153085447,153085447
TRUMP/USDT,43956579,1753854139473,2025-07-30 05:42:19.473000,9.47,2.126,20.13322,sell,True,153085448,153085448
TRUMP/USDT,43956580,1753854153077,2025-07-30 05:42:33.077000,9.47,1.983,18.779010000000003,sell,True,153085449,153085449
TRUMP/USDT,43956581,1753854154529,2025-07-30 05:42:34.529000,9.47,5.293,50.12471000000001,sell,True,153085450,153085450
TRUMP/USDT,43956582,1753854176043,2025-07-30 05:42:56.043000,9.47,2.111,19.991170000000004,sell,True,153085451,153085451
TRUMP/USDT,43956583,1753854181067,2025-07-30 05:43:01.067000,9.48,0.668,6.3326400000000005,buy,False,153085452,153085452
TRUMP/USDT,43956584,1753854198815,2025-07-30 05:43:18.815000,9.48,15.819,149.96412,buy,False,153085453,153085453
TRUMP/USDT,43956585,1753854213363,2025-07-30 05:43:33.363000,9.48,0.258,2.44584,buy,False,153085454,153085454
TRUMP/USDT,43956586,1753854213553,2025-07-30 05:43:33.553000,9.47,4.353,41.22291,sell,True,153085455,153085471
TRUMP/USDT,43956587,1753854217230,2025-07-30 05:43:37.230000,9.47,227.717,2156.4799900000003,sell,True,153085472,153085477
TRUMP/USDT,43956588,1753854217230,2025-07-30 05:43:37.230000,9.47,452.775,4287.7792500000005,sell,True,153085478,153085481
TRUMP/USDT,43956589,1753854217306,2025-07-30 05:43:37.306000,9.47,1.382,13.08754,sell,True,153085482,153085486
TRUMP/USDT,43956590,1753854221311,2025-07-30 05:43:41.311000,9.47,26.467,250.64249,buy,False,153085487,153085493
TRUMP/USDT,43956591,1753854221311,2025-07-30 05:43:41.311000,9.47,0.112,1.06064,buy,False,153085494,153085494
TRUMP/USDT,43956592,1753854222372,2025-07-30 05:43:42.372000,9.47,2.649,25.08603,sell,True,153085495,153085495
TRUMP/USDT,43956593,1753854225924,2025-07-30 05:43:45.924000,9.47,11.151,105.59997,sell,True,153085496,153085506
TRUMP/USDT,43956594,1753854225960,2025-07-30 05:43:45.960000,9.46,9.13,86.36980000000001,sell,True,153085507,153085507
TRUMP/USDT,43956595,1753854241143,2025-07-30 05:44:01.143000,9.47,0.674,6.382780000000001,buy,False,153085508,153085508
TRUMP/USDT,43956596,1753854244046,2025-07-30 05:44:04.046000,9.47,60.0,568.2,buy,False,153085509,153085509
TRUMP/USDT,43956597,1753854262255,2025-07-30 05:44:22.255000,9.47,36.322,343.96934000000005,buy,False,153085510,153085518
TRUMP/USDT,43956598,1753854262256,2025-07-30 05:44:22.256000,9.47,0.112,1.06064,buy,False,153085519,153085519
TRUMP/USDT,43956599,1753854269725,2025-07-30 05:44:29.725000,9.47,3.302,31.269940000000002,sell,True,153085520,153085520
TRUMP/USDT,43956600,1753854269757,2025-07-30 05:44:29.757000,9.47,2.311,21.885170000000002,sell,True,153085521,153085521
TRUMP/USDT,43956601,1753854269807,2025-07-30 05:44:29.807000,9.47,1.618,15.322460000000001,sell,True,153085522,153085522
TRUMP/USDT,43956602,1753854269834,2025-07-30 05:44:29.834000,9.47,6.521,61.753870000000006,sell,True,153085523,153085523
TRUMP/USDT,43956603,1753854269845,2025-07-30 05:44:29.845000,9.47,4.565,43.23055000000001,sell,True,153085524,153085524
TRUMP/USDT,43956604,1753854269857,2025-07-30 05:44:29.857000,9.47,3.195,30.25665,sell,True,153085525,153085525
TRUMP/USDT,43956605,1753854269858,2025-07-30 05:44:29.858000,9.47,3.195,30.25665,sell,True,153085526,153085526
TRUMP/USDT,43956606,1753854269956,2025-07-30 05:44:29.956000,9.47,17.477,165.50719,sell,True,153085527,153085527
TRUMP/USDT,43956607,1753854269958,2025-07-30 05:44:29.958000,9.47,12.234,115.85598,sell,True,153085528,153085528
TRUMP/USDT,43956608,1753854270012,2025-07-30 05:44:30.012000,9.47,12.21,115.62870000000001,sell,True,153085529,153085529
TRUMP/USDT,43956609,1753854270012,2025-07-30 05:44:30.012000,9.47,8.547,80.94009000000001,sell,True,153085530,153085530
TRUMP/USDT,43956610,1753854270012,2025-07-30 05:44:30.012000,9.47,5.988,56.70636000000001,sell,True,153085531,153085531
TRUMP/USDT,43956611,1753854270012,2025-07-30 05:44:30.012000,9.47,4.891,46.31777,sell,True,153085532,153085532
TRUMP/USDT,43956612,1753854270072,2025-07-30 05:44:30.072000,9.47,3.239,30.67333,sell,True,153085533,153085533
TRUMP/USDT,43956613,1753854270670,2025-07-30 05:44:30.670000,9.47,16.327,154.61669000000003,sell,True,153085534,153085534
TRUMP/USDT,43956614,1753854270671,2025-07-30 05:44:30.671000,9.47,11.429,108.23263000000001,sell,True,153085535,153085535
TRUMP/USDT,43956615,1753854270682,2025-07-30 05:44:30.682000,9.47,8.001,75.76947,sell,True,153085536,153085536
TRUMP/USDT,43956616,1753854270696,2025-07-30 05:44:30.696000,9.47,5.6,53.032000000000004,sell,True,153085537,153085537
TRUMP/USDT,43956617,1753854270707,2025-07-30 05:44:30.707000,9.47,3.92,37.1224,sell,True,153085538,153085538
TRUMP/USDT,43956618,1753854270720,2025-07-30 05:44:30.720000,9.47,2.744,25.985680000000002,sell,True,153085539,153085539
TRUMP/USDT,43956619,1753854270767,2025-07-30 05:44:30.767000,9.47,7.341,69.51927,sell,True,153085540,153085540
TRUMP/USDT,43956620,1753854270830,2025-07-30 05:44:30.830000,9.47,5.139,48.66633,sell,True,153085541,153085541
TRUMP/USDT,43956621,1753854270831,2025-07-30 05:44:30.831000,9.47,3.597,34.063590000000005,sell,True,153085542,153085542
TRUMP/USDT,43956622,1753854270898,2025-07-30 05:44:30.898000,9.47,18.941,179.37127,sell,True,153085543,153085543
TRUMP/USDT,43956623,1753854270909,2025-07-30 05:44:30.909000,9.47,13.259,125.56273000000002,sell,True,153085544,153085544
TRUMP/USDT,43956624,1753854270912,2025-07-30 05:44:30.912000,9.47,9.281,87.89107000000001,sell,True,153085545,153085545
TRUMP/USDT,43956625,1753854270922,2025-07-30 05:44:30.922000,9.47,9.281,87.89107000000001,sell,True,153085546,153085546
TRUMP/USDT,43956626,1753854270925,2025-07-30 05:44:30.925000,9.47,6.497,61.526590000000006,sell,True,153085547,153085547
TRUMP/USDT,43956627,1753854270932,2025-07-30 05:44:30.932000,9.47,4.548,43.06956,sell,True,153085548,153085548
TRUMP/USDT,43956628,1753854270934,2025-07-30 05:44:30.934000,9.47,3.713,35.162110000000006,sell,True,153085549,153085550
TRUMP/USDT,43956629,1753854272457,2025-07-30 05:44:32.457000,9.47,16.224,153.64128000000002,sell,True,153085551,153085551
TRUMP/USDT,43956630,1753854272478,2025-07-30 05:44:32.478000,9.47,11.378,107.74966,sell,True,153085552,153085552
TRUMP/USDT,43956631,1753854272490,2025-07-30 05:44:32.490000,9.47,7.98,75.57060000000001,sell,True,153085553,153085553
TRUMP/USDT,43956632,1753854272501,2025-07-30 05:44:32.501000,9.47,5.596,52.99412,sell,True,153085554,153085554
TRUMP/USDT,43956633,1753854272515,2025-07-30 05:44:32.515000,9.47,3.925,37.16975,sell,True,153085555,153085555
TRUMP/USDT,43956634,1753854272527,2025-07-30 05:44:32.527000,9.47,2.753,26.07091,sell,True,153085556,153085556
TRUMP/USDT,43956635,1753854272532,2025-07-30 05:44:32.532000,9.47,1.93,18.2771,sell,True,153085557,153085557
TRUMP/USDT,43956636,1753854272540,2025-07-30 05:44:32.540000,9.47,1.93,18.2771,sell,True,153085558,153085558
TRUMP/USDT,43956637,1753854273321,2025-07-30 05:44:33.321000,9.47,13.715,129.88105000000002,sell,True,153085559,153085559
TRUMP/USDT,43956638,1753854273334,2025-07-30 05:44:33.334000,9.47,9.608,90.98776000000001,sell,True,153085560,153085560
TRUMP/USDT,43956639,1753854273339,2025-07-30 05:44:33.339000,9.47,6.731,63.74257,sell,True,153085561,153085561
TRUMP/USDT,43956640,1753854273349,2025-07-30 05:44:33.349000,9.47,6.731,63.74257,sell,True,153085562,153085562
TRUMP/USDT,43956641,1753854273351,2025-07-30 05:44:33.351000,9.47,4.716,44.660520000000005,sell,True,153085563,153085575
TRUMP/USDT,43956642,1753854273351,2025-07-30 05:44:33.351000,9.47,7.186,68.05142000000001,sell,True,153085576,153085580
TRUMP/USDT,43956643,1753854273360,2025-07-30 05:44:33.360000,9.46,3.304,31.255840000000003,sell,True,153085581,153085581
TRUMP/USDT,43956644,1753854273362,2025-07-30 05:44:33.362000,9.46,2.7,25.542000000000005,sell,True,153085582,153085582
TRUMP/USDT,43956645,1753854273379,2025-07-30 05:44:33.379000,9.47,2.12,20.076400000000003,buy,False,153085583,153085583
TRUMP/USDT,43956646,1753854280570,2025-07-30 05:44:40.570000,9.46,0.48,4.5408,sell,True,153085584,153085584
TRUMP/USDT,43956647,1753854290853,2025-07-30 05:44:50.853000,9.46,297.919,2818.31374,sell,True,153085585,153085586
TRUMP/USDT,43956648,1753854298288,2025-07-30 05:44:58.288000,9.46,1.0,9.46,sell,True,153085587,153085587
TRUMP/USDT,43956649,1753854301110,2025-07-30 05:45:01.110000,9.47,0.674,6.382780000000001,buy,False,153085588,153085588
TRUMP/USDT,43956650,1753854324058,2025-07-30 05:45:24.058000,9.47,1.055,9.99085,buy,False,153085589,153085589
TRUMP/USDT,43956651,1753854331561,2025-07-30 05:45:31.561000,9.47,2.646,25.05762,buy,False,153085590,153085590
TRUMP/USDT,43956652,1753854347818,2025-07-30 05:45:47.818000,9.47,0.106,1.00382,buy,False,153085591,153085591
TRUMP/USDT,43956653,1753854348780,2025-07-30 05:45:48.780000,9.47,1.353,12.81291,buy,False,153085592,153085592
TRUMP/USDT,43956654,1753854366344,2025-07-30 05:46:06.344000,9.47,36.631,346.89557,buy,False,153085593,153085603
TRUMP/USDT,43956655,1753854372862,2025-07-30 05:46:12.862000,9.47,402.285,3809.6389500000005,sell,True,153085604,153085605
TRUMP/USDT,43956656,1753854385099,2025-07-30 05:46:25.099000,9.47,12.269,116.18743,sell,True,153085606,153085616
TRUMP/USDT,43956657,1753854401270,2025-07-30 05:46:41.270000,9.46,0.252,2.3839200000000003,sell,True,153085617,153085617
TRUMP/USDT,43956658,1753854405548,2025-07-30 05:46:45.548000,9.46,4.474,42.324040000000004,sell,True,153085618,153085637
TRUMP/USDT,43956659,1753854421103,2025-07-30 05:47:01.103000,9.46,0.669,6.328740000000001,buy,False,153085638,153085638
TRUMP/USDT,43956660,1753854427407,2025-07-30 05:47:07.407000,9.45,3.0,28.349999999999998,sell,True,153085639,153085640
TRUMP/USDT,43956661,1753854438700,2025-07-30 05:47:18.700000,9.45,1.656,15.649199999999999,sell,True,153085641,153085641
TRUMP/USDT,43956662,1753854440074,2025-07-30 05:47:20.074000,9.45,4.798,45.3411,sell,True,153085642,153085642
TRUMP/USDT,43956663,1753854446490,2025-07-30 05:47:26.490000,9.45,4.0,37.8,sell,True,153085643,153085643
TRUMP/USDT,43956664,1753854453935,2025-07-30 05:47:33.935000,9.46,6.16,58.27360000000001,buy,False,153085644,153085645
TRUMP/USDT,43956665,1753854456617,2025-07-30 05:47:36.617000,9.46,9.35,88.45100000000001,buy,False,153085646,153085646
TRUMP/USDT,43956666,1753854456617,2025-07-30 05:47:36.617000,9.46,20.337,192.38802,buy,False,153085647,153085654
TRUMP/USDT,43956667,1753854463930,2025-07-30 05:47:43.930000,9.46,19.864,187.91344000000004,sell,True,153085655,153085667
TRUMP/USDT,43956668,1753854463955,2025-07-30 05:47:43.955000,9.45,9.13,86.2785,sell,True,153085668,153085669
TRUMP/USDT,43956669,1753854464173,2025-07-30 05:47:44.173000,9.46,3056.421,28913.74266,buy,False,153085670,153085687
TRUMP/USDT,43956670,1753854464173,2025-07-30 05:47:44.173000,9.47,8825.867,83580.96049000001,buy,False,153085688,153085727
TRUMP/USDT,43956671,1753854467286,2025-07-30 05:47:47.286000,9.46,3.248,30.726080000000003,sell,True,153085728,153085743
TRUMP/USDT,43956672,1753854469576,2025-07-30 05:47:49.576000,9.46,3.227,30.527420000000003,buy,False,153085744,153085748
TRUMP/USDT,43956673,1753854481164,2025-07-30 05:48:01.164000,9.45,0.675,6.37875,sell,True,153085749,153085749
TRUMP/USDT,43956674,1753854491867,2025-07-30 05:48:11.867000,9.46,65.659,621.1341400000001,buy,False,153085750,153085770
TRUMP/USDT,43956675,1753854492866,2025-07-30 05:48:12.866000,9.46,9.02,85.3292,sell,True,153085771,153085783
TRUMP/USDT,43956676,1753854492901,2025-07-30 05:48:12.901000,9.46,26.947,254.91862,sell,True,153085784,153085784
TRUMP/USDT,43956677,1753854492915,2025-07-30 05:48:12.915000,9.46,1.44,13.6224,sell,True,153085785,153085785
TRUMP/USDT,43956678,1753854492927,2025-07-30 05:48:12.927000,9.46,3.799,35.93854,sell,True,153085786,153085793
TRUMP/USDT,43956679,1753854493269,2025-07-30 05:48:13.269000,9.46,2.3,21.758,buy,False,153085794,153085803
TRUMP/USDT,43956680,1753854493931,2025-07-30 05:48:13.931000,9.46,48.686,460.56956,sell,True,153085804,153085804
TRUMP/USDT,43956681,1753854494572,2025-07-30 05:48:14.572000,9.46,48.686,460.56956,sell,True,153085805,153085811
TRUMP/USDT,43956682,1753854494915,2025-07-30 05:48:14.915000,9.46,9.02,85.3292,sell,True,153085812,153085812
TRUMP/USDT,43956683,1753854495081,2025-07-30 05:48:15.081000,9.46,1.668,15.77928,sell,True,153085813,153085818
TRUMP/USDT,43956684,1753854501558,2025-07-30 05:48:21.558000,9.46,22.959,217.19214000000002,buy,False,153085819,153085834
TRUMP/USDT,43956685,1753854501560,2025-07-30 05:48:21.560000,9.46,0.316,2.9893600000000005,buy,False,153085835,153085836
TRUMP/USDT,43956686,1753854502373,2025-07-30 05:48:22.373000,9.46,67.835,641.7191,sell,True,153085837,153085837
TRUMP/USDT,43956687,1753854511408,2025-07-30 05:48:31.408000,9.46,457.757,4330.38122,sell,True,153085838,153085851
TRUMP/USDT,43956688,1753854511409,2025-07-30 05:48:31.409000,9.46,0.316,2.9893600000000005,sell,True,153085852,153085853
TRUMP/USDT,43956689,1753854513990,2025-07-30 05:48:33.990000,9.46,22.84,216.06640000000002,buy,False,153085854,153085868
TRUMP/USDT,43956690,1753854513991,2025-07-30 05:48:33.991000,9.46,0.744,7.038240000000001,buy,False,153085869,153085873
TRUMP/USDT,43956691,1753854521070,2025-07-30 05:48:41.070000,9.47,0.672,6.363840000000001,buy,False,153085874,153085875
TRUMP/USDT,43956692,1753854525740,2025-07-30 05:48:45.740000,9.47,55.303,523.71941,buy,False,153085876,153085890
TRUMP/USDT,43956693,1753854526158,2025-07-30 05:48:46.158000,9.47,314.855,2981.6768500000003,buy,False,153085891,153085905
TRUMP/USDT,43956694,1753854541092,2025-07-30 05:49:01.092000,9.48,0.673,6.380040000000001,buy,False,153085906,153085907
TRUMP/USDT,43956695,1753854542523,2025-07-30 05:49:02.523000,9.48,36.662,347.55576,buy,False,153085908,153085929
TRUMP/USDT,43956696,1753854542526,2025-07-30 05:49:02.526000,9.48,0.428,4.05744,buy,False,153085930,153085932
TRUMP/USDT,43956697,1753854552847,2025-07-30 05:49:12.847000,9.49,0.43,4.0807,buy,False,153085933,153085933
TRUMP/USDT,43956699,1753854583012,2025-07-30 05:49:43.012000,9.5,3838.694,36467.593,buy,False,153086015,153086100
TRUMP/USDT,43956698,1753854583012,2025-07-30 05:49:43.012000,9.49,2905.513,27573.31837,buy,False,153085934,153086014
TRUMP/USDT,43956700,1753854583016,2025-07-30 05:49:43.016000,9.49,36.981,350.94969000000003,sell,True,153086101,153086101
TRUMP/USDT,43956701,1753854583016,2025-07-30 05:49:43.016000,9.49,38.734,367.58566,sell,True,153086102,153086104
TRUMP/USDT,43956702,1753854583060,2025-07-30 05:49:43.060000,9.5,9.13,86.73500000000001,buy,False,153086105,153086105
TRUMP/USDT,43956703,1753854584250,2025-07-30 05:49:44.250000,9.49,0.308,2.92292,sell,True,153086106,153086106
TRUMP/USDT,43956704,1753854584258,2025-07-30 05:49:44.258000,9.49,0.308,2.92292,sell,True,153086107,153086107
TRUMP/USDT,43956705,1753854592826,2025-07-30 05:49:52.826000,9.49,12.009,113.96541,sell,True,153086108,153086124
TRUMP/USDT,43956706,1753854592835,2025-07-30 05:49:52.835000,9.49,1.715,16.27535,sell,True,153086125,153086132
TRUMP/USDT,43956707,1753854592855,2025-07-30 05:49:52.855000,9.48,7.305,69.2514,sell,True,153086133,153086149
TRUMP/USDT,43956708,1753854601123,2025-07-30 05:50:01.123000,9.49,0.668,6.339320000000001,buy,False,153086150,153086153
TRUMP/USDT,43956709,1753854602623,2025-07-30 05:50:02.623000,9.49,2.678,25.41422,buy,False,153086154,153086154
TRUMP/USDT,43956710,1753854606159,2025-07-30 05:50:06.159000,9.49,3.062,29.05838,buy,False,153086155,153086155
TRUMP/USDT,43956711,1753854608198,2025-07-30 05:50:08.198000,9.49,0.845,8.01905,buy,False,153086156,153086156
TRUMP/USDT,43956712,1753854610052,2025-07-30 05:50:10.052000,9.48,12.205,115.7034,sell,True,153086157,153086157
TRUMP/USDT,43956713,1753854622505,2025-07-30 05:50:22.505000,9.49,109.85,1042.4765,buy,False,153086158,153086166
TRUMP/USDT,43956714,1753854622616,2025-07-30 05:50:22.616000,9.49,111.8,1060.982,buy,False,153086167,153086173
TRUMP/USDT,43956715,1753854622836,2025-07-30 05:50:22.836000,9.49,142.83,1355.4567000000002,buy,False,153086174,153086192
TRUMP/USDT,43956716,1753854622836,2025-07-30 05:50:22.836000,9.49,19.418,184.27682,buy,False,153086193,153086193
TRUMP/USDT,43956717,1753854622841,2025-07-30 05:50:22.841000,9.49,1.698,16.11402,buy,False,153086194,153086200
TRUMP/USDT,43956718,1753854645670,2025-07-30 05:50:45.670000,9.49,0.427,4.05223,sell,True,153086201,153086201
TRUMP/USDT,43956719,1753854660835,2025-07-30 05:51:00.835000,9.5,0.669,6.3555,buy,False,153086202,153086202
TRUMP/USDT,43956720,1753854673110,2025-07-30 05:51:13.110000,9.5,9.827,93.3565,buy,False,153086203,153086203
TRUMP/USDT,43956721,1753854686975,2025-07-30 05:51:26.975000,9.49,7.966,75.59734,sell,True,153086204,153086204
TRUMP/USDT,43956722,1753854690251,2025-07-30 05:51:30.251000,9.5,64.306,610.9069999999999,buy,False,153086205,153086208
TRUMP/USDT,43956723,1753854707131,2025-07-30 05:51:47.131000,9.49,27.429,260.30120999999997,sell,True,153086209,153086217
TRUMP/USDT,43956724,1753854707143,2025-07-30 05:51:47.143000,9.49,1.901,18.040490000000002,sell,True,153086218,153086218
TRUMP/USDT,43956725,1753854707155,2025-07-30 05:51:47.155000,9.49,1.536,14.576640000000001,sell,True,153086219,153086219
TRUMP/USDT,43956726,1753854707168,2025-07-30 05:51:47.168000,9.49,3.653,34.66697,sell,True,153086220,153086220
TRUMP/USDT,43956727,1753854707179,2025-07-30 05:51:47.179000,9.49,9.376,88.97824,sell,True,153086221,153086221
TRUMP/USDT,43956729,1753854707192,2025-07-30 05:51:47.192000,9.49,2.092,19.853080000000002,sell,True,153086223,153086223
TRUMP/USDT,43956728,1753854707192,2025-07-30 05:51:47.192000,9.49,224.931,2134.59519,sell,True,153086222,153086222
TRUMP/USDT,43956730,1753854707203,2025-07-30 05:51:47.203000,9.49,2.932,27.82468,sell,True,153086224,153086229
TRUMP/USDT,43956731,1753854707207,2025-07-30 05:51:47.207000,9.49,9.02,85.5998,sell,True,153086230,153086236
TRUMP/USDT,43956732,1753854707245,2025-07-30 05:51:47.245000,9.49,2.67,25.3383,sell,True,153086237,153086244
TRUMP/USDT,43956733,1753854707257,2025-07-30 05:51:47.257000,9.49,1.641,15.57309,sell,True,153086245,153086245
TRUMP/USDT,43956734,1753854707317,2025-07-30 05:51:47.317000,9.49,2.977,28.25173,sell,True,153086246,153086246
TRUMP/USDT,43956735,1753854707984,2025-07-30 05:51:47.984000,9.49,26.854,254.84446,sell,True,153086247,153086247
TRUMP/USDT,43956736,1753854708020,2025-07-30 05:51:48.020000,9.49,3.742,35.51158,sell,True,153086248,153086248
TRUMP/USDT,43956737,1753854708040,2025-07-30 05:51:48.040000,9.49,4.28,40.617200000000004,sell,True,153086249,153086249
TRUMP/USDT,43956738,1753854708060,2025-07-30 05:51:48.060000,9.49,1.944,18.44856,sell,True,153086250,153086250
TRUMP/USDT,43956739,1753854708144,2025-07-30 05:51:48.144000,9.49,8.942,84.85958000000001,sell,True,153086251,153086251
TRUMP/USDT,43956740,1753854708171,2025-07-30 05:51:48.171000,9.49,2.776,26.34424,sell,True,153086252,153086252
TRUMP/USDT,43956741,1753854708193,2025-07-30 05:51:48.193000,9.49,5.576,52.916239999999995,sell,True,153086253,153086253
TRUMP/USDT,43956742,1753854708227,2025-07-30 05:51:48.227000,9.49,3.59,34.0691,sell,True,153086254,153086254
TRUMP/USDT,43956743,1753854708240,2025-07-30 05:51:48.240000,9.49,2.645,25.10105,sell,True,153086255,153086255
TRUMP/USDT,43956744,1753854708272,2025-07-30 05:51:48.272000,9.49,3.393,32.19957,sell,True,153086256,153086256
TRUMP/USDT,43956745,1753854708417,2025-07-30 05:51:48.417000,9.5,10.0,95.0,buy,False,153086257,153086272
TRUMP/USDT,43956746,1753854708758,2025-07-30 05:51:48.758000,9.49,6.16,58.458400000000005,sell,True,153086273,153086273
TRUMP/USDT,43956747,1753854712312,2025-07-30 05:51:52.312000,9.5,120.094,1140.893,buy,False,153086274,153086284
TRUMP/USDT,43956748,1753854712691,2025-07-30 05:51:52.691000,9.49,27.78,263.6322,sell,True,153086285,153086293
TRUMP/USDT,43956749,1753854712701,2025-07-30 05:51:52.701000,9.49,1.851,17.56599,sell,True,153086294,153086294
TRUMP/USDT,43956750,1753854712794,2025-07-30 05:51:52.794000,9.49,9.518,90.32582000000001,sell,True,153086295,153086295
TRUMP/USDT,43956751,1753854712825,2025-07-30 05:51:52.825000,9.49,3.21,30.4629,sell,True,153086296,153086296
TRUMP/USDT,43956752,1753854716987,2025-07-30 05:51:56.987000,9.49,6.16,58.458400000000005,sell,True,153086297,153086297
TRUMP/USDT,43956753,1753854720888,2025-07-30 05:52:00.888000,9.5,0.671,6.3745,buy,False,153086298,153086298
TRUMP/USDT,43956754,1753854724549,2025-07-30 05:52:04.549000,9.49,6.16,58.458400000000005,sell,True,153086299,153086299
TRUMP/USDT,43956755,1753854724556,2025-07-30 05:52:04.556000,9.49,0.11,1.0439,sell,True,153086300,153086300
TRUMP/USDT,43956756,1753854724681,2025-07-30 05:52:04.681000,9.49,2.868,27.21732,sell,True,153086301,153086315
TRUMP/USDT,43956757,1753854724698,2025-07-30 05:52:04.698000,9.49,0.901,8.55049,sell,True,153086316,153086321
TRUMP/USDT,43956758,1753854726279,2025-07-30 05:52:06.279000,9.49,2.109,20.01441,buy,False,153086322,153086322
TRUMP/USDT,43956759,1753854734337,2025-07-30 05:52:14.337000,9.49,3.161,29.99789,buy,False,153086323,153086323
TRUMP/USDT,43956760,1753854741840,2025-07-30 05:52:21.840000,9.49,22.047,209.22603,buy,False,153086324,153086330
TRUMP/USDT,43956761,1753854741841,2025-07-30 05:52:21.841000,9.49,558.586,5300.98114,buy,False,153086331,153086352
TRUMP/USDT,43956762,1753854746582,2025-07-30 05:52:26.582000,9.5,0.21,1.9949999999999999,buy,False,153086353,153086353
TRUMP/USDT,43956763,1753854746875,2025-07-30 05:52:26.875000,9.5,50.0,475.0,buy,False,153086354,153086354
TRUMP/USDT,43956764,1753854752531,2025-07-30 05:52:32.531000,9.49,11.705,111.08045,sell,True,153086355,153086369
TRUMP/USDT,43956765,1753854752541,2025-07-30 05:52:32.541000,9.49,1.059,10.049909999999999,sell,True,153086370,153086376
TRUMP/USDT,43956766,1753854752552,2025-07-30 05:52:32.552000,9.49,2.317,21.98833,sell,True,153086377,153086387
TRUMP/USDT,43956767,1753854762513,2025-07-30 05:52:42.513000,9.49,144.96,1375.6704000000002,buy,False,153086388,153086388
TRUMP/USDT,43956768,1753854762517,2025-07-30 05:52:42.517000,9.49,113.29,1075.1221,buy,False,153086389,153086389
TRUMP/USDT,43956769,1753854765618,2025-07-30 05:52:45.618000,9.49,1.011,9.594389999999999,buy,False,153086390,153086390
TRUMP/USDT,43956770,1753854780799,2025-07-30 05:53:00.799000,9.48,0.673,6.380040000000001,sell,True,153086391,153086391
TRUMP/USDT,43956771,1753854787019,2025-07-30 05:53:07.019000,9.49,0.21,1.9929,buy,False,153086392,153086392
TRUMP/USDT,43956772,1753854792566,2025-07-30 05:53:12.566000,9.49,0.21,1.9929,buy,False,153086393,153086393
TRUMP/USDT,43956773,1753854799017,2025-07-30 05:53:19.017000,9.48,69.608,659.8838400000001,sell,True,153086394,153086395
TRUMP/USDT,43956774,1753854799018,2025-07-30 05:53:19.018000,9.48,29.407,278.77836,sell,True,153086396,153086396
TRUMP/USDT,43956775,1753854799020,2025-07-30 05:53:19.020000,9.48,227.105,2152.9554,sell,True,153086397,153086414
TRUMP/USDT,43956776,1753854799020,2025-07-30 05:53:19.020000,9.48,126.09,1195.3332,sell,True,153086415,153086419
TRUMP/USDT,43956777,1753854799066,2025-07-30 05:53:19.066000,9.47,9.02,85.4194,sell,True,153086420,153086424
TRUMP/USDT,43956778,1753854806200,2025-07-30 05:53:26.200000,9.48,0.956,9.06288,buy,False,153086425,153086425
TRUMP/USDT,43956779,1753854806562,2025-07-30 05:53:26.562000,9.48,30.583,289.92683999999997,buy,False,153086426,153086426
TRUMP/USDT,43956780,1753854820355,2025-07-30 05:53:40.355000,9.48,198.929,1885.8469200000002,buy,False,153086427,153086438
TRUMP/USDT,43956781,1753854820356,2025-07-30 05:53:40.356000,9.48,291.594,2764.31112,buy,False,153086439,153086456
TRUMP/USDT,43956782,1753854821175,2025-07-30 05:53:41.175000,9.48,0.11,1.0428,sell,True,153086457,153086457
TRUMP/USDT,43956783,1753854821178,2025-07-30 05:53:41.178000,9.48,9.02,85.5096,sell,True,153086458,153086458
TRUMP/USDT,43956784,1753854836443,2025-07-30 05:53:56.443000,9.48,30.116,285.49968,sell,True,153086459,153086468
TRUMP/USDT,43956785,1753854836444,2025-07-30 05:53:56.444000,9.48,59.693,565.88964,sell,True,153086469,153086479
TRUMP/USDT,43956786,1753854840909,2025-07-30 05:54:00.909000,9.48,0.669,6.34212,buy,False,153086480,153086480
TRUMP/USDT,43956787,1753854843406,2025-07-30 05:54:03.406000,9.47,20.0,189.4,sell,True,153086481,153086481
TRUMP/USDT,43956788,1753854845233,2025-07-30 05:54:05.233000,9.48,100.0,948.0,buy,False,153086482,153086490
TRUMP/USDT,43956789,1753854872173,2025-07-30 05:54:32.173000,9.48,378.722,3590.28456,buy,False,153086491,153086514
TRUMP/USDT,43956790,1753854872275,2025-07-30 05:54:32.275000,9.49,9.13,86.64370000000001,buy,False,153086515,153086515
TRUMP/USDT,43956791,1753854873547,2025-07-30 05:54:33.547000,9.48,18.347,173.92956,sell,True,153086516,153086516
TRUMP/USDT,43956792,1753854874460,2025-07-30 05:54:34.460000,9.48,6.523,61.83804,sell,True,153086517,153086517
TRUMP/USDT,43956793,1753854880578,2025-07-30 05:54:40.578000,9.48,0.179,1.69692,sell,True,153086518,153086518
TRUMP/USDT,43956794,1753854884918,2025-07-30 05:54:44.918000,9.48,44.561,422.43828,sell,True,153086519,153086519
TRUMP/USDT,43956795,1753854886082,2025-07-30 05:54:46.082000,9.48,53.801,510.03348000000005,sell,True,153086520,153086520
TRUMP/USDT,43956796,1753854888028,2025-07-30 05:54:48.028000,9.48,43.29,410.3892,sell,True,153086521,153086521
TRUMP/USDT,43956797,1753854892988,2025-07-30 05:54:52.988000,9.48,11.103,105.25644,sell,True,153086522,153086533
TRUMP/USDT,43956798,1753854892990,2025-07-30 05:54:52.990000,9.48,0.316,2.99568,sell,True,153086534,153086535
TRUMP/USDT,43956799,1753854893060,2025-07-30 05:54:53.060000,9.47,9.13,86.46110000000002,sell,True,153086536,153086536
TRUMP/USDT,43956800,1753854898801,2025-07-30 05:54:58.801000,9.47,12.125,114.82375,sell,True,153086537,153086537
TRUMP/USDT,43956801,1753854901285,2025-07-30 05:55:01.285000,9.48,0.672,6.370560000000001,buy,False,153086538,153086538
TRUMP/USDT,43956802,1753854901369,2025-07-30 05:55:01.369000,9.47,30.0,284.1,sell,True,153086539,153086539
TRUMP/USDT,43956803,1753854915458,2025-07-30 05:55:15.458000,9.48,1.608,15.243840000000002,buy,False,153086540,153086540
TRUMP/USDT,43956804,1753854922765,2025-07-30 05:55:22.765000,9.47,9.444,89.43468000000001,sell,True,153086541,153086541
TRUMP/USDT,43956805,1753854925887,2025-07-30 05:55:25.887000,9.48,64.627,612.66396,buy,False,153086542,153086550
TRUMP/USDT,43956806,1753854925888,2025-07-30 05:55:25.888000,9.48,391.39,3710.3772,buy,False,153086551,153086565
TRUMP/USDT,43956807,1753854925958,2025-07-30 05:55:25.958000,9.49,9.02,85.5998,buy,False,153086566,153086566
TRUMP/USDT,43956808,1753854946620,2025-07-30 05:55:46.620000,9.48,0.6,5.688,sell,True,153086567,153086567
TRUMP/USDT,43956809,1753854961000,2025-07-30 05:56:01.000000,9.48,0.674,6.389520000000001,sell,True,153086568,153086568
TRUMP/USDT,43956810,1753854962436,2025-07-30 05:56:02.436000,9.48,1.0,9.48,sell,True,153086569,153086569
TRUMP/USDT,43956811,1753854971468,2025-07-30 05:56:11.468000,9.48,6.16,58.396800000000006,sell,True,153086570,153086570
TRUMP/USDT,43956812,1753854971479,2025-07-30 05:56:11.479000,9.48,0.11,1.0428,sell,True,153086571,153086571
TRUMP/USDT,43956813,1753854972230,2025-07-30 05:56:12.230000,9.49,0.993,9.42357,buy,False,153086572,153086572
TRUMP/USDT,43956814,1753854977620,2025-07-30 05:56:17.620000,9.49,1.002,9.508980000000001,buy,False,153086573,153086573
TRUMP/USDT,43956815,1753854980716,2025-07-30 05:56:20.716000,9.48,2.0,18.96,sell,True,153086574,153086574
TRUMP/USDT,43956816,1753855005517,2025-07-30 05:56:45.517000,9.48,2.0,18.96,sell,True,153086575,153086575
TRUMP/USDT,43956817,1753855007285,2025-07-30 05:56:47.285000,9.48,6.16,58.396800000000006,sell,True,153086576,153086576
TRUMP/USDT,43956818,1753855008470,2025-07-30 05:56:48.470000,9.49,1.173,11.131770000000001,buy,False,153086577,153086577
TRUMP/USDT,43956819,1753855012760,2025-07-30 05:56:52.760000,9.48,0.485,4.5978,sell,True,153086578,153086578
TRUMP/USDT,43956820,1753855021189,2025-07-30 05:57:01.189000,9.49,0.672,6.377280000000001,buy,False,153086579,153086579
TRUMP/USDT,43956821,1753855026342,2025-07-30 05:57:06.342000,9.49,1.0,9.49,buy,False,153086580,153086580
TRUMP/USDT,43956822,1753855034388,2025-07-30 05:57:14.388000,9.48,1.0,9.48,sell,True,153086581,153086581
TRUMP/USDT,43956823,1753855042038,2025-07-30 05:57:22.038000,9.48,45.925,435.36899999999997,sell,True,153086582,153086582
TRUMP/USDT,43956824,1753855066662,2025-07-30 05:57:46.662000,9.48,6.16,58.396800000000006,sell,True,153086583,153086583
TRUMP/USDT,43956825,1753855068981,2025-07-30 05:57:48.981000,9.48,6.16,58.396800000000006,sell,True,153086584,153086584
TRUMP/USDT,43956826,1753855069508,2025-07-30 05:57:49.508000,9.48,114.72,1087.5456000000001,sell,True,153086585,153086597
TRUMP/USDT,43956827,1753855069512,2025-07-30 05:57:49.512000,9.48,123.51,1170.8748,sell,True,153086598,153086605
TRUMP/USDT,43956828,1753855072222,2025-07-30 05:57:52.222000,9.48,234.533,2223.37284,sell,True,153086606,153086611
TRUMP/USDT,43956829,1753855072241,2025-07-30 05:57:52.241000,9.48,0.11,1.0428,sell,True,153086612,153086612
TRUMP/USDT,43956830,1753855072244,2025-07-30 05:57:52.244000,9.48,9.02,85.5096,sell,True,153086613,153086613
TRUMP/USDT,43956831,1753855072464,2025-07-30 05:57:52.464000,9.48,6.16,58.396800000000006,sell,True,153086614,153086614
TRUMP/USDT,43956832,1753855072479,2025-07-30 05:57:52.479000,9.48,0.11,1.0428,sell,True,153086615,153086615
TRUMP/USDT,43956833,1753855072637,2025-07-30 05:57:52.637000,9.49,2.107,19.995430000000002,buy,False,153086616,153086616
TRUMP/USDT,43956834,1753855072662,2025-07-30 05:57:52.662000,9.48,198.692,1883.6001600000002,sell,True,153086617,153086617
TRUMP/USDT,43956835,1753855072663,2025-07-30 05:57:52.663000,9.48,177.403,1681.78044,sell,True,153086618,153086618
TRUMP/USDT,43956836,1753855072664,2025-07-30 05:57:52.664000,9.48,199.578,1891.99944,sell,True,153086619,153086619
TRUMP/USDT,43956837,1753855072664,2025-07-30 05:57:52.664000,9.48,332.739,3154.36572,sell,True,153086620,153086630
TRUMP/USDT,43956838,1753855080986,2025-07-30 05:58:00.986000,9.47,0.674,6.382780000000001,sell,True,153086631,153086631
TRUMP/USDT,43956839,1753855090766,2025-07-30 05:58:10.766000,9.48,222.171,2106.18108,buy,False,153086632,153086639
TRUMP/USDT,43956841,1753855090768,2025-07-30 05:58:10.768000,9.48,288.791,2737.73868,buy,False,153086641,153086660
TRUMP/USDT,43956840,1753855090768,2025-07-30 05:58:10.768000,9.48,35.983,341.11884,buy,False,153086640,153086640
TRUMP/USDT,43956842,1753855090895,2025-07-30 05:58:10.895000,9.49,9.13,86.64370000000001,buy,False,153086661,153086661
TRUMP/USDT,43956843,1753855094739,2025-07-30 05:58:14.739000,9.48,0.674,6.389520000000001,sell,True,153086662,153086662
TRUMP/USDT,43956844,1753855116513,2025-07-30 05:58:36.513000,9.48,6.0,56.88,sell,True,153086663,153086663
TRUMP/USDT,43956845,1753855120470,2025-07-30 05:58:40.470000,9.49,0.372,3.53028,buy,False,153086664,153086664
TRUMP/USDT,43956846,1753855132955,2025-07-30 05:58:52.955000,9.49,5.269,50.002810000000004,buy,False,153086665,153086665
TRUMP/USDT,43956847,1753855152313,2025-07-30 05:59:12.313000,9.49,0.331,3.1411900000000004,buy,False,153086666,153086666
TRUMP/USDT,43956848,1753855161509,2025-07-30 05:59:21.509000,9.48,87.962,833.87976,sell,True,153086667,153086668
TRUMP/USDT,43956849,1753855171793,2025-07-30 05:59:31.793000,9.48,211.788,2007.7502400000003,sell,True,153086669,153086670
TRUMP/USDT,43956850,1753855180786,2025-07-30 05:59:40.786000,9.48,5.0,47.400000000000006,sell,True,153086671,153086671
